"","id","price","qty","quoteQty","time","isBuyerMaker","isBestMatch"
"1","410659121","10316.45000000","0.03845800","396.75003410","1599680128748","TRUE","TRUE"
"2","410659122","10316.45000000","0.00114500","11.81233525","1599680128903","TRUE","TRUE"
"3","410659123","10316.45000000","0.00961700","99.21329965","1599680128907","TRUE","TRUE"
"4","410659124","10316.46000000","0.00393500","40.59527010","1599680129117","FALSE","TRUE"
"5","410659125","10316.45000000","0.06938800","715.83783260","1599680129532","TRUE","TRUE"
"6","410659126","10316.46000000","0.00113800","11.74013148","1599680129738","FALSE","TRUE"
"7","410659127","10316.45000000","0.00190500","19.65283725","1599680129811","TRUE","TRUE"
"8","410659128","10316.45000000","0.05202500","536.71331125","1599680129951","TRUE","TRUE"
"9","410659129","10316.45000000","0.03094900","319.28381105","1599680130069","TRUE","TRUE"
"10","410659130","10316.45000000","0.23380300","2412.01695935","1599680130117","TRUE","TRUE"
"11","410659131","10316.45000000","0.05147700","531.05989665","1599680130178","TRUE","TRUE"
"12","410659132","10316.45000000","0.03300000","340.44285000","1599680130253","TRUE","TRUE"
"13","410659133","10316.45000000","0.05225700","539.10672765","1599680130285","TRUE","TRUE"
"14","410659134","10316.45000000","0.05461400","563.42260030","1599680130382","TRUE","TRUE"
"15","410659135","10316.45000000","0.05133700","529.61559365","1599680133191","TRUE","TRUE"
"16","410659136","10316.45000000","0.00800000","82.53160000","1599680134025","TRUE","TRUE"
"17","410659137","10316.45000000","0.05007500","516.59623375","1599680134041","TRUE","TRUE"
"18","410659138","10316.45000000","0.03289900","339.40088855","1599680134121","TRUE","TRUE"
"19","410659139","10316.45000000","0.04932000","508.80731400","1599680134247","TRUE","TRUE"
"20","410659140","10316.45000000","0.05046600","520.62996570","1599680134307","TRUE","TRUE"
"21","410659141","10316.45000000","0.04662300","480.98384835","1599680134347","TRUE","TRUE"
"22","410659142","10316.45000000","0.03635100","375.01327395","1599680134447","TRUE","TRUE"
"23","410659143","10316.46000000","0.19950000","2058.13377000","1599680134466","FALSE","TRUE"
"24","410659144","10316.46000000","0.13595100","1402.53305346","1599680134466","FALSE","TRUE"
"25","410659145","10316.45000000","0.06754000","696.77303300","1599680134555","TRUE","TRUE"
"26","410659146","10316.45000000","0.03468900","357.86733405","1599680134647","TRUE","TRUE"
"27","410659147","10316.45000000","0.92849100","9578.73097695","1599680134709","TRUE","TRUE"
"28","410659148","10316.45000000","0.00180400","18.61087580","1599680134718","TRUE","TRUE"
"29","410659149","10316.45000000","0.04948800","510.54047760","1599680134763","TRUE","TRUE"
"30","410659150","10316.45000000","0.15889700","1639.25295565","1599680134881","TRUE","TRUE"
"31","410659151","10316.43000000","0.01000000","103.16430000","1599680134886","TRUE","TRUE"
"32","410659152","10316.43000000","0.02347600","242.18851068","1599680134886","TRUE","TRUE"
"33","410659153","10316.43000000","0.44387000","4579.15378410","1599680134891","TRUE","TRUE"
"34","410659154","10316.43000000","0.23147600","2388.00595068","1599680134891","TRUE","TRUE"
"35","410659155","10316.43000000","0.21966900","2266.19986167","1599680134891","TRUE","TRUE"
"36","410659156","10316.27000000","0.01115100","115.03672677","1599680134901","TRUE","TRUE"
"37","410659157","10316.25000000","0.00820600","84.65514750","1599680134901","TRUE","TRUE"
"38","410659158","10315.94000000","0.01000000","103.15940000","1599680134932","TRUE","TRUE"
"39","410659159","10315.94000000","0.01630000","168.14982200","1599680134932","TRUE","TRUE"
"40","410659160","10315.94000000","0.00000400","0.04126376","1599680134966","TRUE","TRUE"
"41","410659161","10315.94000000","0.01119200","115.45600048","1599680134966","TRUE","TRUE"
"42","410659162","10315.43000000","0.01271800","131.19163874","1599680134977","TRUE","TRUE"
"43","410659163","10315.39000000","0.01127700","116.32665303","1599680134977","TRUE","TRUE"
"44","410659164","10315.38000000","0.00228900","23.61190482","1599680134977","TRUE","TRUE"
"45","410659165","10315.38000000","0.00061900","6.38522022","1599680135017","TRUE","TRUE"
"46","410659166","10315.38000000","0.00290800","29.99712504","1599680135017","TRUE","TRUE"
"47","410659167","10315.38000000","0.00290800","29.99712504","1599680135017","TRUE","TRUE"
"48","410659168","10315.38000000","0.00290800","29.99712504","1599680135017","TRUE","TRUE"
"49","410659169","10315.38000000","0.01121700","115.70761746","1599680135017","TRUE","TRUE"
"50","410659170","10315.38000000","0.00000300","0.03094614","1599680135029","TRUE","TRUE"
"51","410659171","10315.31000000","0.00290800","29.99692148","1599680135029","TRUE","TRUE"
"52","410659172","10315.18000000","0.00958800","98.90194584","1599680135029","TRUE","TRUE"
"53","410659173","10315.16000000","0.01126300","116.17964708","1599680135029","TRUE","TRUE"
"54","410659174","10314.75000000","0.01126300","116.17502925","1599680135029","TRUE","TRUE"
"55","410659175","10315.02000000","0.01122000","115.73452440","1599680135046","TRUE","TRUE"
"56","410659176","10314.65000000","0.09693400","999.84028310","1599680135046","TRUE","TRUE"
"57","410659177","10314.43000000","0.01000000","103.14430000","1599680135046","TRUE","TRUE"
"58","410659178","10314.40000000","0.02861500","295.14655600","1599680135046","TRUE","TRUE"
"59","410659179","10314.25000000","0.62897200","6487.37445100","1599680135046","TRUE","TRUE"
"60","410659180","10314.24000000","0.01143400","117.93302016","1599680135063","TRUE","TRUE"
"61","410659181","10313.92000000","0.05300700","546.70995744","1599680135402","TRUE","TRUE"
"62","410659182","10313.93000000","0.04303900","443.90123327","1599680135418","FALSE","TRUE"
"63","410659183","10313.92000000","0.03733600","385.08051712","1599680135618","TRUE","TRUE"
"64","410659184","10313.93000000","0.00215100","22.18526343","1599680135685","FALSE","TRUE"
"65","410659185","10313.92000000","0.00408600","42.14267712","1599680136116","TRUE","TRUE"
"66","410659186","10313.92000000","0.05121600","528.23772672","1599680136355","TRUE","TRUE"
"67","410659187","10313.92000000","0.02240900","231.12463328","1599680136465","TRUE","TRUE"
"68","410659188","10313.92000000","0.04741500","489.03451680","1599680136476","TRUE","TRUE"
"69","410659189","10313.92000000","0.05124900","528.57808608","1599680136573","TRUE","TRUE"
"70","410659190","10313.90000000","0.00234300","24.16546770","1599680136651","TRUE","TRUE"
"71","410659191","10313.90000000","0.05256900","542.19140910","1599680136710","TRUE","TRUE"
"72","410659192","10313.90000000","0.00244100","25.17622990","1599680136723","TRUE","TRUE"
"73","410659193","10313.90000000","0.05495900","566.84163010","1599680136791","TRUE","TRUE"
"74","410659194","10313.90000000","0.00273200","28.17757480","1599680136873","TRUE","TRUE"
"75","410659195","10313.90000000","0.05245300","540.99499670","1599680136968","TRUE","TRUE"
"76","410659196","10313.90000000","0.04831100","498.27482290","1599680137096","TRUE","TRUE"
"77","410659197","10313.90000000","0.05270200","543.56315780","1599680137202","TRUE","TRUE"
"78","410659198","10313.90000000","0.00577600","59.57308640","1599680137308","TRUE","TRUE"
"79","410659199","10313.91000000","0.00892500","92.05164675","1599680137440","FALSE","TRUE"
"80","410659200","10313.91000000","0.00892500","92.05164675","1599680137440","FALSE","TRUE"
"81","410659201","10313.91000000","0.00892500","92.05164675","1599680137440","FALSE","TRUE"
"82","410659202","10313.91000000","0.00892500","92.05164675","1599680137440","FALSE","TRUE"
"83","410659203","10313.91000000","0.00892500","92.05164675","1599680137440","FALSE","TRUE"
"84","410659204","10313.91000000","0.00892500","92.05164675","1599680137440","FALSE","TRUE"
"85","410659205","10313.91000000","0.00892500","92.05164675","1599680137441","FALSE","TRUE"
"86","410659206","10313.91000000","0.00892500","92.05164675","1599680137441","FALSE","TRUE"
"87","410659207","10313.91000000","0.00892500","92.05164675","1599680137441","FALSE","TRUE"
"88","410659208","10313.91000000","0.00892500","92.05164675","1599680137441","FALSE","TRUE"
"89","410659209","10313.91000000","0.00892500","92.05164675","1599680137441","FALSE","TRUE"
"90","410659210","10313.91000000","0.00892500","92.05164675","1599680137442","FALSE","TRUE"
"91","410659211","10313.91000000","0.00892500","92.05164675","1599680137443","FALSE","TRUE"
"92","410659212","10313.91000000","0.00892500","92.05164675","1599680137443","FALSE","TRUE"
"93","410659213","10313.91000000","0.00892500","92.05164675","1599680137443","FALSE","TRUE"
"94","410659214","10313.91000000","0.00892500","92.05164675","1599680137445","FALSE","TRUE"
"95","410659215","10313.91000000","0.00892500","92.05164675","1599680137445","FALSE","TRUE"
"96","410659216","10313.91000000","0.00892500","92.05164675","1599680137445","FALSE","TRUE"
"97","410659217","10313.91000000","0.00892500","92.05164675","1599680137445","FALSE","TRUE"
"98","410659218","10313.91000000","0.00892500","92.05164675","1599680137445","FALSE","TRUE"
"99","410659219","10313.91000000","0.00892500","92.05164675","1599680137445","FALSE","TRUE"
"100","410659220","10313.91000000","0.00892500","92.05164675","1599680137445","FALSE","TRUE"
"101","410659221","10313.91000000","0.00315000","32.48881650","1599680137446","FALSE","TRUE"
"102","410659222","10313.91000000","0.00577500","59.56283025","1599680137446","FALSE","TRUE"
"103","410659223","10313.91000000","0.00892500","92.05164675","1599680137446","FALSE","TRUE"
"104","410659224","10313.91000000","0.00892500","92.05164675","1599680137446","FALSE","TRUE"
"105","410659225","10313.91000000","0.00892500","92.05164675","1599680137446","FALSE","TRUE"
"106","410659226","10313.91000000","0.00892500","92.05164675","1599680137447","FALSE","TRUE"
"107","410659227","10313.91000000","0.00892500","92.05164675","1599680137447","FALSE","TRUE"
"108","410659228","10313.91000000","0.00892500","92.05164675","1599680137447","FALSE","TRUE"
"109","410659229","10313.91000000","0.00892500","92.05164675","1599680137447","FALSE","TRUE"
"110","410659230","10313.91000000","0.00892500","92.05164675","1599680137447","FALSE","TRUE"
"111","410659231","10313.91000000","0.00892500","92.05164675","1599680137447","FALSE","TRUE"
"112","410659232","10313.91000000","0.00892500","92.05164675","1599680137447","FALSE","TRUE"
"113","410659233","10313.91000000","0.00892500","92.05164675","1599680137447","FALSE","TRUE"
"114","410659234","10313.91000000","0.00892500","92.05164675","1599680137447","FALSE","TRUE"
"115","410659235","10313.91000000","0.00892500","92.05164675","1599680137448","FALSE","TRUE"
"116","410659236","10313.91000000","0.00892500","92.05164675","1599680137448","FALSE","TRUE"
"117","410659237","10313.91000000","0.00892500","92.05164675","1599680137449","FALSE","TRUE"
"118","410659238","10313.91000000","0.00892500","92.05164675","1599680137449","FALSE","TRUE"
"119","410659239","10313.91000000","0.00892500","92.05164675","1599680137449","FALSE","TRUE"
"120","410659240","10313.91000000","0.00892500","92.05164675","1599680137451","FALSE","TRUE"
"121","410659241","10313.91000000","0.00892500","92.05164675","1599680137456","FALSE","TRUE"
"122","410659242","10313.91000000","0.00892500","92.05164675","1599680137457","FALSE","TRUE"
"123","410659243","10313.91000000","0.00892500","92.05164675","1599680137457","FALSE","TRUE"
"124","410659244","10313.91000000","0.00892500","92.05164675","1599680137459","FALSE","TRUE"
"125","410659245","10313.91000000","0.32860900","3389.24365119","1599680137490","FALSE","TRUE"
"126","410659246","10313.91000000","0.36097400","3723.05334834","1599680137530","FALSE","TRUE"
"127","410659247","10313.91000000","0.00186400","19.22512824","1599680137756","FALSE","TRUE"
"128","410659248","10313.92000000","0.01500000","154.70880000","1599680137756","FALSE","TRUE"
"129","410659249","10313.93000000","0.00120600","12.43859958","1599680137756","FALSE","TRUE"
"130","410659250","10313.93000000","0.45362800","4678.68743804","1599680137802","FALSE","TRUE"
"131","410659251","10313.93000000","0.44045400","4542.81172422","1599680137896","FALSE","TRUE"
"132","410659252","10313.93000000","0.00111900","11.54128767","1599680137936","FALSE","TRUE"
"133","410659253","10313.93000000","0.00485300","50.05350229","1599680137999","FALSE","TRUE"
"134","410659254","10313.93000000","0.01013000","104.48011090","1599680138152","FALSE","TRUE"
"135","410659255","10313.93000000","0.00001700","0.17533681","1599680138531","FALSE","TRUE"
"136","410659256","10313.94000000","0.04168800","429.96753072","1599680138531","FALSE","TRUE"
"137","410659257","10313.94000000","0.08928600","920.89044684","1599680138531","FALSE","TRUE"
"138","410659258","10314.14000000","0.01122000","115.72465080","1599680138814","FALSE","TRUE"
"139","410659259","10314.24000000","0.38878000","4009.97022720","1599680138814","FALSE","TRUE"
"140","410659260","10314.23000000","0.03632900","374.70566167","1599680139528","TRUE","TRUE"
"141","410659261","10314.23000000","0.02007600","207.06848148","1599680139595","TRUE","TRUE"
"142","410659262","10314.24000000","0.37552700","3873.27560448","1599680139636","FALSE","TRUE"
"143","410659263","10314.56000000","0.00100500","10.36613280","1599680140797","FALSE","TRUE"
"144","410659264","10314.56000000","0.01131700","116.72987552","1599680141854","FALSE","TRUE"
"145","410659265","10314.55000000","0.00527000","54.35767850","1599680142168","TRUE","TRUE"
"146","410659266","10314.55000000","0.00604900","62.39271295","1599680142170","TRUE","TRUE"
"147","410659267","10314.49000000","0.00526800","54.33673332","1599680142170","TRUE","TRUE"
"148","410659268","10314.49000000","0.02744900","283.12243601","1599680142802","TRUE","TRUE"
"149","410659269","10314.48000000","0.01133300","116.89400184","1599680143683","TRUE","TRUE"
"150","410659270","10314.04000000","0.08866700","914.51498468","1599680143683","TRUE","TRUE"
"151","410659271","10314.04000000","0.00227100","23.42318484","1599680143825","FALSE","TRUE"
"152","410659272","10314.04000000","0.00115000","11.86114600","1599680144146","FALSE","TRUE"
"153","410659273","10314.03000000","0.00408600","42.14312658","1599680144261","TRUE","TRUE"
"154","410659274","10314.04000000","0.19607900","2022.36664916","1599680144319","FALSE","TRUE"
"155","410659275","10314.04000000","0.01717200","177.11269488","1599680144319","FALSE","TRUE"
"156","410659276","10314.04000000","0.05967900","615.53159316","1599680144347","FALSE","TRUE"
"157","410659277","10314.04000000","0.05341000","550.87287640","1599680144378","FALSE","TRUE"
"158","410659278","10314.04000000","0.00200000","20.62808000","1599680144984","FALSE","TRUE"
"159","410659279","10314.04000000","0.00100400","10.35529616","1599680145403","FALSE","TRUE"
"160","410659280","10314.03000000","0.00713400","73.58029002","1599680146102","TRUE","TRUE"
"161","410659281","10314.03000000","0.01131900","116.74450557","1599680146102","TRUE","TRUE"
"162","410659282","10314.03000000","0.04571900","471.54713757","1599680146102","TRUE","TRUE"
"163","410659283","10314.03000000","0.02830600","291.94893318","1599680146322","TRUE","TRUE"
"164","410659284","10314.03000000","0.03930100","405.35169303","1599680147061","TRUE","TRUE"
"165","410659285","10314.04000000","0.06913500","713.06115540","1599680147394","FALSE","TRUE"
"166","410659286","10314.03000000","0.00883800","91.15539714","1599680147611","TRUE","TRUE"
"167","410659287","10314.03000000","0.00500000","51.57015000","1599680147622","TRUE","TRUE"
"168","410659288","10314.03000000","0.00500000","51.57015000","1599680147899","TRUE","TRUE"
"169","410659289","10314.04000000","4.98034400","51367.46722976","1599680147906","FALSE","TRUE"
"170","410659290","10314.04000000","0.00563900","58.16087156","1599680147906","FALSE","TRUE"
"171","410659291","10314.05000000","0.08578200","884.75983710","1599680147906","FALSE","TRUE"
"172","410659292","10314.05000000","0.01500000","154.71075000","1599680147906","FALSE","TRUE"
"173","410659293","10314.24000000","0.00695600","71.74585344","1599680147906","FALSE","TRUE"
"174","410659294","10314.27000000","0.01131900","116.74722213","1599680148088","FALSE","TRUE"
"175","410659295","10314.49000000","0.02000000","206.28980000","1599680148173","TRUE","TRUE"
"176","410659296","10314.50000000","0.01500000","154.71750000","1599680148175","FALSE","TRUE"
"177","410659297","10314.50000000","0.00529800","54.64622100","1599680148175","FALSE","TRUE"
"178","410659298","10314.50000000","0.00740200","76.34792900","1599680148175","FALSE","TRUE"
"179","410659299","10314.39000000","0.00500000","51.57195000","1599680148450","TRUE","TRUE"
"180","410659300","10314.38000000","0.00200000","20.62876000","1599680148720","TRUE","TRUE"
"181","410659301","10314.38000000","0.00174300","17.97796434","1599680149313","TRUE","TRUE"
"182","410659302","10314.39000000","0.07972900","822.35600031","1599680149972","FALSE","TRUE"
"183","410659303","10314.38000000","0.00759000","78.28614420","1599680150452","TRUE","TRUE"
"184","410659304","10314.36000000","0.02231800","230.19588648","1599680150452","TRUE","TRUE"
"185","410659305","10314.25000000","0.15835100","1633.27180175","1599680150452","TRUE","TRUE"
"186","410659306","10314.24000000","0.00830300","85.63913472","1599680150903","TRUE","TRUE"
"187","410659307","10314.24000000","0.05052200","521.09603328","1599680151010","TRUE","TRUE"
"188","410659308","10314.24000000","0.10088100","1040.51084544","1599680151022","TRUE","TRUE"
"189","410659309","10314.24000000","0.01761500","181.68533760","1599680151113","TRUE","TRUE"
"190","410659310","10314.24000000","0.00249900","25.77528576","1599680151646","TRUE","TRUE"
"191","410659311","10314.25000000","0.00113800","11.73761650","1599680152336","FALSE","TRUE"
"192","410659312","10314.25000000","0.01159500","119.59372875","1599680152362","FALSE","TRUE"
"193","410659313","10314.25000000","0.01159500","119.59372875","1599680152362","FALSE","TRUE"
"194","410659314","10314.25000000","0.01159500","119.59372875","1599680152362","FALSE","TRUE"
"195","410659315","10314.25000000","0.01159500","119.59372875","1599680152363","FALSE","TRUE"
"196","410659316","10314.25000000","0.01159500","119.59372875","1599680152363","FALSE","TRUE"
"197","410659317","10314.25000000","0.01159500","119.59372875","1599680152363","FALSE","TRUE"
"198","410659318","10314.25000000","0.01159500","119.59372875","1599680152364","FALSE","TRUE"
"199","410659319","10314.25000000","0.01159500","119.59372875","1599680152364","FALSE","TRUE"
"200","410659320","10314.25000000","0.01159500","119.59372875","1599680152365","FALSE","TRUE"
"201","410659321","10314.25000000","0.01159500","119.59372875","1599680152365","FALSE","TRUE"
"202","410659322","10314.25000000","0.01159500","119.59372875","1599680152365","FALSE","TRUE"
"203","410659323","10314.25000000","0.01159500","119.59372875","1599680152365","FALSE","TRUE"
"204","410659324","10314.25000000","0.01159500","119.59372875","1599680152365","FALSE","TRUE"
"205","410659325","10314.25000000","0.01159500","119.59372875","1599680152367","FALSE","TRUE"
"206","410659326","10314.25000000","0.01159500","119.59372875","1599680152367","FALSE","TRUE"
"207","410659327","10314.25000000","0.01159500","119.59372875","1599680152367","FALSE","TRUE"
"208","410659328","10314.25000000","0.01159500","119.59372875","1599680152367","FALSE","TRUE"
"209","410659329","10314.25000000","0.00124700","12.86186975","1599680152367","FALSE","TRUE"
"210","410659330","10314.25000000","0.01034800","106.73185900","1599680152367","FALSE","TRUE"
"211","410659331","10314.25000000","0.01159500","119.59372875","1599680152367","FALSE","TRUE"
"212","410659332","10314.25000000","0.01159500","119.59372875","1599680152367","FALSE","TRUE"
"213","410659333","10314.25000000","0.01159500","119.59372875","1599680152368","FALSE","TRUE"
"214","410659334","10314.25000000","0.01159500","119.59372875","1599680152368","FALSE","TRUE"
"215","410659335","10314.25000000","0.00766900","79.09998325","1599680152368","FALSE","TRUE"
"216","410659336","10314.25000000","0.01159500","119.59372875","1599680152368","FALSE","TRUE"
"217","410659337","10314.25000000","0.01159500","119.59372875","1599680152369","FALSE","TRUE"
"218","410659338","10314.25000000","0.01159500","119.59372875","1599680152369","FALSE","TRUE"
"219","410659339","10314.25000000","0.12922700","1332.87958475","1599680152369","FALSE","TRUE"
"220","410659340","10314.25000000","0.01159500","119.59372875","1599680152369","FALSE","TRUE"
"221","410659341","10314.25000000","0.01159500","119.59372875","1599680152370","FALSE","TRUE"
"222","410659342","10314.25000000","0.01159500","119.59372875","1599680152370","FALSE","TRUE"
"223","410659343","10314.25000000","0.01159500","119.59372875","1599680152370","FALSE","TRUE"
"224","410659344","10314.25000000","0.01159500","119.59372875","1599680152371","FALSE","TRUE"
"225","410659345","10314.25000000","0.01159500","119.59372875","1599680152371","FALSE","TRUE"
"226","410659346","10314.25000000","0.01159500","119.59372875","1599680152372","FALSE","TRUE"
"227","410659347","10314.25000000","0.01159500","119.59372875","1599680152372","FALSE","TRUE"
"228","410659348","10314.25000000","0.00227000","23.41334750","1599680152372","FALSE","TRUE"
"229","410659349","10314.26000000","0.00932500","96.18047450","1599680152372","FALSE","TRUE"
"230","410659350","10314.26000000","0.00567500","58.53342550","1599680152374","FALSE","TRUE"
"231","410659351","10314.33000000","0.00592000","61.06083360","1599680152374","FALSE","TRUE"
"232","410659352","10314.33000000","0.00545600","56.27498448","1599680152374","FALSE","TRUE"
"233","410659353","10314.50000000","0.00393100","40.54629950","1599680152374","FALSE","TRUE"
"234","410659354","10314.55000000","0.00220800","22.77452640","1599680152374","FALSE","TRUE"
"235","410659355","10314.55000000","0.00114800","11.84110340","1599680152374","FALSE","TRUE"
"236","410659356","10314.65000000","0.01044700","107.75714855","1599680152374","FALSE","TRUE"
"237","410659357","10314.65000000","0.00087200","8.99437480","1599680152374","FALSE","TRUE"
"238","410659358","10314.73000000","0.01072300","110.60484979","1599680152374","FALSE","TRUE"
"239","410659359","10314.73000000","0.00061000","6.29198530","1599680152374","FALSE","TRUE"
"240","410659360","10314.93000000","0.01098500","113.30950605","1599680152374","FALSE","TRUE"
"241","410659361","10314.93000000","0.01159500","119.60161335","1599680152374","FALSE","TRUE"
"242","410659362","10314.93000000","0.01159500","119.60161335","1599680152375","FALSE","TRUE"
"243","410659363","10314.93000000","0.01159500","119.60161335","1599680152375","FALSE","TRUE"
"244","410659364","10314.93000000","0.01159500","119.60161335","1599680152376","FALSE","TRUE"
"245","410659365","10314.93000000","0.01159500","119.60161335","1599680152376","FALSE","TRUE"
"246","410659366","10314.93000000","0.01159500","119.60161335","1599680152376","FALSE","TRUE"
"247","410659367","10314.97000000","0.00721800","74.45345346","1599680152438","FALSE","TRUE"
"248","410659368","10314.40000000","0.01135700","117.14064080","1599680152504","FALSE","TRUE"
"249","410659369","10314.96000000","0.01243100","128.22526776","1599680152504","FALSE","TRUE"
"250","410659370","10314.91000000","0.03803900","392.36886149","1599680152677","TRUE","TRUE"
"251","410659371","10314.66000000","0.00319200","32.92439472","1599680152810","FALSE","TRUE"
"252","410659372","10314.66000000","0.00817500","84.32234550","1599680153186","FALSE","TRUE"
"253","410659373","10314.66000000","0.08711400","898.55129124","1599680153186","FALSE","TRUE"
"254","410659374","10314.66000000","0.00570100","58.80387666","1599680153399","FALSE","TRUE"
"255","410659375","10314.66000000","0.01058600","109.19099076","1599680154141","FALSE","TRUE"
"256","410659376","10314.65000000","0.01136700","117.24662655","1599680154427","TRUE","TRUE"
"257","410659377","10314.63000000","0.17291600","1783.56456108","1599680154427","TRUE","TRUE"
"258","410659378","10314.40000000","0.30047800","3099.25028320","1599680154427","TRUE","TRUE"
"259","410659379","10314.39000000","0.01135700","117.14052723","1599680154427","TRUE","TRUE"
"260","410659380","10314.28000000","0.13465400","1388.85905912","1599680154427","TRUE","TRUE"
"261","410659381","10314.28000000","0.19950000","2057.69886000","1599680155023","FALSE","TRUE"
"262","410659382","10314.48000000","0.00244900","25.26016152","1599680155095","FALSE","TRUE"
"263","410659383","10314.48000000","0.00891800","91.98453264","1599680156074","FALSE","TRUE"
"264","410659384","10314.48000000","0.01129000","116.45047920","1599680156074","FALSE","TRUE"
"265","410659385","10314.48000000","0.04997800","515.49708144","1599680156340","FALSE","TRUE"
"266","410659386","10314.48000000","0.01672400","172.49936352","1599680156444","FALSE","TRUE"
"267","410659387","10314.48000000","0.04902800","505.69832544","1599680156542","FALSE","TRUE"
"268","410659388","10314.48000000","0.01059200","109.25097216","1599680156768","FALSE","TRUE"
"269","410659389","10314.48000000","0.07317800","754.79301744","1599680157182","FALSE","TRUE"
"270","410659390","10314.57000000","0.01131900","116.75061783","1599680158185","FALSE","TRUE"
"271","410659391","10314.76000000","0.01100000","113.46236000","1599680158520","TRUE","TRUE"
"272","410659392","10314.76000000","0.00031600","3.25946416","1599680158643","TRUE","TRUE"
"273","410659393","10314.76000000","0.00892700","92.07986252","1599680158643","TRUE","TRUE"
"274","410659394","10314.76000000","0.02791300","287.91589588","1599680159747","TRUE","TRUE"
"275","410659395","10314.54000000","0.00251600","25.95138264","1599680160013","TRUE","TRUE"
"276","410659396","10314.54000000","0.00418500","43.16634990","1599680160032","TRUE","TRUE"
"277","410659397","10314.55000000","0.00110100","11.35631955","1599680160561","FALSE","TRUE"
"278","410659398","10314.54000000","0.00486800","50.21118072","1599680161711","TRUE","TRUE"
"279","410659399","10314.54000000","0.05363200","553.18940928","1599680161809","TRUE","TRUE"
"280","410659400","10314.54000000","0.00206900","21.34078326","1599680161916","TRUE","TRUE"
"281","410659401","10314.67000000","0.00158400","16.33843728","1599680162010","FALSE","TRUE"
"282","410659402","10314.66000000","0.05264100","542.97401706","1599680162115","TRUE","TRUE"
"283","410659403","10314.67000000","0.00970600","100.11418702","1599680162189","FALSE","TRUE"
"284","410659404","10314.68000000","0.01500000","154.72020000","1599680162189","FALSE","TRUE"
"285","410659405","10314.68000000","0.01500000","154.72020000","1599680162189","FALSE","TRUE"
"286","410659406","10314.68000000","0.01500000","154.72020000","1599680162189","FALSE","TRUE"
"287","410659407","10314.76000000","0.01519000","156.68120440","1599680162280","TRUE","TRUE"
"288","410659408","10314.77000000","0.01121100","115.63888647","1599680162530","FALSE","TRUE"
"289","410659409","10314.77000000","0.00010500","1.08305085","1599680162560","FALSE","TRUE"
"290","410659410","10315.00000000","0.24433100","2520.27426500","1599680162560","FALSE","TRUE"
"291","410659411","10315.03000000","0.01122000","115.73463660","1599680162617","FALSE","TRUE"
"292","410659412","10315.09000000","0.00432200","44.58181898","1599680162617","FALSE","TRUE"
"293","410659413","10315.67000000","0.01122000","115.74181740","1599680162624","FALSE","TRUE"
"294","410659414","10315.67000000","0.22978000","2370.33465260","1599680162638","FALSE","TRUE"
"295","410659415","10315.68000000","0.01122000","115.74192960","1599680162638","FALSE","TRUE"
"296","410659416","10315.68000000","0.53283300","5496.53472144","1599680162640","TRUE","TRUE"
"297","410659417","10316.35000000","0.04898700","505.36703745","1599680162736","TRUE","TRUE"
"298","410659418","10316.35000000","0.01700000","175.37795000","1599680162768","TRUE","TRUE"
"299","410659419","10316.35000000","0.05051100","521.08915485","1599680162771","TRUE","TRUE"
"300","410659420","10316.36000000","0.01119200","115.46070112","1599680162774","FALSE","TRUE"
"301","410659421","10316.36000000","0.01129000","116.47170440","1599680162774","FALSE","TRUE"
"302","410659422","10316.42000000","0.26218400","2704.80026128","1599680162774","FALSE","TRUE"
"303","410659423","10316.48000000","0.00311000","32.08425280","1599680162845","TRUE","TRUE"
"304","410659424","10316.49000000","0.00680500","70.20371445","1599680163057","FALSE","TRUE"
"305","410659425","10316.49000000","0.01127100","116.27715879","1599680163057","FALSE","TRUE"
"306","410659426","10316.49000000","0.00001900","0.19601331","1599680163058","FALSE","TRUE"
"307","410659427","10316.51000000","0.01908900","196.93185939","1599680163058","FALSE","TRUE"
"308","410659428","10316.51000000","0.01300000","134.11463000","1599680163058","FALSE","TRUE"
"309","410659429","10316.52000000","0.00108900","11.23469028","1599680163058","FALSE","TRUE"
"310","410659430","10316.59000000","0.01120600","115.60770754","1599680163058","FALSE","TRUE"
"311","410659431","10316.77000000","0.01115100","115.04230227","1599680163058","FALSE","TRUE"
"312","410659432","10317.23000000","0.09662400","996.89203152","1599680163058","FALSE","TRUE"
"313","410659433","10317.27000000","0.01115100","115.04787777","1599680163058","FALSE","TRUE"
"314","410659434","10317.28000000","0.09694800","1000.23966144","1599680163058","FALSE","TRUE"
"315","410659435","10317.43000000","0.04970200","512.79690586","1599680163058","FALSE","TRUE"
"316","410659436","10317.52000000","0.01000000","103.17520000","1599680163058","FALSE","TRUE"
"317","410659437","10317.52000000","0.01000000","103.17520000","1599680163058","FALSE","TRUE"
"318","410659438","10317.79000000","0.01112500","114.78541375","1599680163058","FALSE","TRUE"
"319","410659439","10318.87000000","0.00607300","62.66649751","1599680163058","FALSE","TRUE"
"320","410659440","10318.88000000","0.05282300","545.07419824","1599680163058","FALSE","TRUE"
"321","410659441","10317.70000000","0.01123400","115.90904180","1599680163454","FALSE","TRUE"
"322","410659442","10318.83000000","0.01647200","169.97176776","1599680163454","FALSE","TRUE"
"323","410659443","10318.84000000","0.02681800","276.73065112","1599680163454","FALSE","TRUE"
"324","410659444","10318.26000000","0.01123400","115.91533284","1599680163563","TRUE","TRUE"
"325","410659445","10318.26000000","0.08274200","853.75346892","1599680163563","TRUE","TRUE"
"326","410659446","10318.27000000","0.01123400","115.91544518","1599680163850","FALSE","TRUE"
"327","410659447","10318.27000000","0.45013100","4644.57319337","1599680163850","FALSE","TRUE"
"328","410659448","10318.26000000","0.04941200","509.84586312","1599680164082","TRUE","TRUE"
"329","410659449","10318.26000000","0.21230000","2190.56659800","1599680164303","TRUE","TRUE"
"330","410659450","10318.26000000","0.05089200","525.11688792","1599680164312","TRUE","TRUE"
"331","410659451","10318.15000000","0.00381500","39.36374225","1599680164370","TRUE","TRUE"
"332","410659452","10318.16000000","0.03211600","331.37802656","1599680164417","TRUE","TRUE"
"333","410659453","10318.27000000","2.01530200","20794.43016754","1599680164441","FALSE","TRUE"
"334","410659454","10318.27000000","0.01120800","115.64717016","1599680164724","FALSE","TRUE"
"335","410659455","10318.27000000","0.00002600","0.26827502","1599680165561","FALSE","TRUE"
"336","410659456","10318.27000000","3.11688800","32160.89194376","1599680165561","FALSE","TRUE"
"337","410659457","10318.27000000","0.20820000","2148.26381400","1599680165561","FALSE","TRUE"
"338","410659458","10318.26000000","0.07913300","816.51486858","1599680165647","TRUE","TRUE"
"339","410659459","10318.24000000","0.72086700","7438.07871408","1599680165647","TRUE","TRUE"
"340","410659460","10318.24000000","0.03469200","357.96038208","1599680165976","TRUE","TRUE"
"341","410659461","10318.25000000","0.01324600","136.67553950","1599680166042","FALSE","TRUE"
"342","410659462","10318.26000000","0.00381500","39.36416190","1599680166113","TRUE","TRUE"
"343","410659463","10318.26000000","0.00959000","98.95211340","1599680166191","TRUE","TRUE"
"344","410659464","10318.26000000","0.05841000","602.68956660","1599680167231","TRUE","TRUE"
"345","410659465","10318.27000000","0.30284200","3124.80552334","1599680167495","FALSE","TRUE"
"346","410659466","10318.26000000","0.00124600","12.85655196","1599680168080","TRUE","TRUE"
"347","410659467","10318.27000000","0.08774100","905.33532807","1599680168500","FALSE","TRUE"
"348","410659468","10318.27000000","0.00108900","11.23659603","1599680168756","FALSE","TRUE"
"349","410659469","10318.26000000","0.05149400","531.32848044","1599680168923","TRUE","TRUE"
"350","410659470","10318.26000000","0.00121500","12.53668590","1599680168927","TRUE","TRUE"
"351","410659471","10318.27000000","0.00185500","19.14039085","1599680169647","FALSE","TRUE"
"352","410659472","10318.26000000","0.00106600","10.99926516","1599680169729","TRUE","TRUE"
"353","410659473","10318.26000000","0.15968200","1647.64039332","1599680170693","TRUE","TRUE"
"354","410659474","10318.26000000","0.00182500","18.83082450","1599680171163","TRUE","TRUE"
"355","410659475","10318.26000000","0.01450200","149.63540652","1599680171840","TRUE","TRUE"
"356","410659476","10318.26000000","0.00111000","11.45326860","1599680171952","TRUE","TRUE"
"357","410659477","10318.25000000","0.00171300","17.67516225","1599680172803","FALSE","TRUE"
"358","410659478","10318.24000000","0.04454600","459.63631904","1599680173221","TRUE","TRUE"
"359","410659479","10318.24000000","0.03124500","322.39340880","1599680173321","TRUE","TRUE"
"360","410659480","10318.24000000","0.01331200","137.35641088","1599680173544","TRUE","TRUE"
"361","410659481","10318.24000000","0.01331200","137.35641088","1599680173642","TRUE","TRUE"
"362","410659482","10318.25000000","0.01659200","171.20040400","1599680173681","FALSE","TRUE"
"363","410659483","10318.24000000","0.00156600","16.15836384","1599680173858","TRUE","TRUE"
"364","410659484","10318.24000000","0.85725300","8845.34219472","1599680174181","TRUE","TRUE"
"365","410659485","10318.24000000","0.04440100","458.14017424","1599680174388","TRUE","TRUE"
"366","410659486","10318.24000000","0.01635000","168.70322400","1599680174613","TRUE","TRUE"
"367","410659487","10318.24000000","0.03762100","388.18250704","1599680175172","TRUE","TRUE"
"368","410659488","10318.24000000","0.00100300","10.34919472","1599680175415","TRUE","TRUE"
"369","410659489","10318.24000000","0.27748100","2863.11555344","1599680175539","TRUE","TRUE"
"370","410659490","10318.24000000","0.00236200","24.37168288","1599680176385","TRUE","TRUE"
"371","410659491","10318.24000000","0.02747900","283.53491696","1599680176598","TRUE","TRUE"
"372","410659492","10318.25000000","0.00110400","11.39134800","1599680176969","FALSE","TRUE"
"373","410659493","10318.25000000","0.11486900","1185.24705925","1599680177853","FALSE","TRUE"
"374","410659494","10318.25000000","0.01000000","103.18250000","1599680177853","FALSE","TRUE"
"375","410659495","10318.25000000","0.01000000","103.18250000","1599680177853","FALSE","TRUE"
"376","410659496","10318.25000000","0.01000000","103.18250000","1599680177853","FALSE","TRUE"
"377","410659497","10318.25000000","0.10756800","1109.91351600","1599680177853","FALSE","TRUE"
"378","410659498","10318.24000000","0.00395900","40.84991216","1599680177951","TRUE","TRUE"
"379","410659499","10318.24000000","0.00344400","35.53601856","1599680179317","TRUE","TRUE"
"380","410659500","10318.24000000","0.05314000","548.31127360","1599680179398","TRUE","TRUE"
"381","410659501","10318.24000000","0.04684000","483.30636160","1599680179506","TRUE","TRUE"
"382","410659502","10318.24000000","0.05634000","581.32964160","1599680179511","TRUE","TRUE"
"383","410659503","10318.24000000","0.04366000","450.49435840","1599680179511","TRUE","TRUE"
"384","410659504","10318.24000000","0.04556900","470.19187856","1599680179604","TRUE","TRUE"
"385","410659505","10318.24000000","0.00771200","79.57426688","1599680179711","TRUE","TRUE"
"386","410659506","10318.24000000","0.04057800","418.69354272","1599680179711","TRUE","TRUE"
"387","410659507","10318.24000000","0.01459600","150.60503104","1599680179738","TRUE","TRUE"
"388","410659508","10318.24000000","0.00835900","86.25016816","1599680179811","TRUE","TRUE"
"389","410659509","10318.24000000","0.08824200","910.50213408","1599680180135","TRUE","TRUE"
"390","410659510","10318.25000000","0.04816100","496.93723825","1599680180884","FALSE","TRUE"
"391","410659511","10318.24000000","0.00002300","0.23731952","1599680180899","TRUE","TRUE"
"392","410659512","10318.23000000","0.04810900","496.39972707","1599680180899","TRUE","TRUE"
"393","410659513","10318.24000000","0.04797200","494.98660928","1599680180965","FALSE","TRUE"
"394","410659514","10318.23000000","0.04721700","487.19586591","1599680180991","TRUE","TRUE"
"395","410659515","10318.24000000","0.02206700","227.69260208","1599680181014","FALSE","TRUE"
"396","410659516","10318.23000000","0.08761300","904.01108499","1599680181086","TRUE","TRUE"
"397","410659517","10318.23000000","0.03300800","340.58413584","1599680181518","TRUE","TRUE"
"398","410659518","10318.23000000","0.09937200","1025.34315156","1599680181630","TRUE","TRUE"
"399","410659519","10318.24000000","0.00334200","34.48355808","1599680183196","FALSE","TRUE"
"400","410659520","10318.23000000","0.00405700","41.86105911","1599680184559","TRUE","TRUE"
"401","410659521","10318.23000000","0.01112800","114.82126344","1599680184660","TRUE","TRUE"
"402","410659522","10318.24000000","0.00115500","11.91756720","1599680185166","FALSE","TRUE"
"403","410659523","10318.24000000","0.02123000","219.05623520","1599680186260","FALSE","TRUE"
"404","410659524","10318.24000000","0.15788700","1629.11595888","1599680186271","FALSE","TRUE"
"405","410659525","10318.24000000","0.00781600","80.64736384","1599680187990","FALSE","TRUE"
"406","410659526","10318.24000000","0.00781600","80.64736384","1599680187990","FALSE","TRUE"
"407","410659527","10318.24000000","0.00781600","80.64736384","1599680187990","FALSE","TRUE"
"408","410659528","10318.24000000","0.00781600","80.64736384","1599680187990","FALSE","TRUE"
"409","410659529","10318.24000000","0.00781600","80.64736384","1599680187991","FALSE","TRUE"
"410","410659530","10318.24000000","0.00781600","80.64736384","1599680187991","FALSE","TRUE"
"411","410659531","10318.24000000","0.00781600","80.64736384","1599680187991","FALSE","TRUE"
"412","410659532","10318.24000000","0.00781600","80.64736384","1599680187991","FALSE","TRUE"
"413","410659533","10318.24000000","0.00781600","80.64736384","1599680187991","FALSE","TRUE"
"414","410659534","10318.24000000","0.00781600","80.64736384","1599680187991","FALSE","TRUE"
"415","410659535","10318.24000000","0.00781600","80.64736384","1599680187991","FALSE","TRUE"
"416","410659536","10318.24000000","0.00781600","80.64736384","1599680187991","FALSE","TRUE"
"417","410659537","10318.24000000","0.00781600","80.64736384","1599680187991","FALSE","TRUE"
"418","410659538","10318.24000000","0.00781600","80.64736384","1599680187992","FALSE","TRUE"
"419","410659539","10318.24000000","0.00781600","80.64736384","1599680187992","FALSE","TRUE"
"420","410659540","10318.24000000","0.00781600","80.64736384","1599680187993","FALSE","TRUE"
"421","410659541","10318.24000000","0.00781600","80.64736384","1599680187993","FALSE","TRUE"
"422","410659542","10318.24000000","0.00781600","80.64736384","1599680187993","FALSE","TRUE"
"423","410659543","10318.24000000","0.00781600","80.64736384","1599680187993","FALSE","TRUE"
"424","410659544","10318.24000000","0.00781600","80.64736384","1599680187994","FALSE","TRUE"
"425","410659545","10318.24000000","0.00781600","80.64736384","1599680187994","FALSE","TRUE"
"426","410659546","10318.24000000","0.00781600","80.64736384","1599680187995","FALSE","TRUE"
"427","410659547","10318.24000000","0.00781600","80.64736384","1599680187995","FALSE","TRUE"
"428","410659548","10318.24000000","0.00781600","80.64736384","1599680187995","FALSE","TRUE"
"429","410659549","10318.24000000","0.00781600","80.64736384","1599680187995","FALSE","TRUE"
"430","410659550","10318.24000000","0.00781600","80.64736384","1599680187995","FALSE","TRUE"
"431","410659551","10318.24000000","0.00781600","80.64736384","1599680187995","FALSE","TRUE"
"432","410659552","10318.24000000","0.00781600","80.64736384","1599680187995","FALSE","TRUE"
"433","410659553","10318.24000000","0.00781600","80.64736384","1599680187995","FALSE","TRUE"
"434","410659554","10318.24000000","0.00781600","80.64736384","1599680187996","FALSE","TRUE"
"435","410659555","10318.24000000","0.00781600","80.64736384","1599680187996","FALSE","TRUE"
"436","410659556","10318.24000000","0.00781600","80.64736384","1599680187996","FALSE","TRUE"
"437","410659557","10318.24000000","0.00781600","80.64736384","1599680187997","FALSE","TRUE"
"438","410659558","10318.24000000","0.00781600","80.64736384","1599680187997","FALSE","TRUE"
"439","410659559","10318.24000000","0.00781600","80.64736384","1599680187997","FALSE","TRUE"
"440","410659560","10318.24000000","0.00781600","80.64736384","1599680187997","FALSE","TRUE"
"441","410659561","10318.24000000","0.00781600","80.64736384","1599680187997","FALSE","TRUE"
"442","410659562","10318.24000000","0.00781600","80.64736384","1599680187997","FALSE","TRUE"
"443","410659563","10318.24000000","0.00781600","80.64736384","1599680187997","FALSE","TRUE"
"444","410659564","10318.24000000","0.00781600","80.64736384","1599680187997","FALSE","TRUE"
"445","410659565","10318.24000000","0.00781600","80.64736384","1599680187998","FALSE","TRUE"
"446","410659566","10318.24000000","0.00781600","80.64736384","1599680187998","FALSE","TRUE"
"447","410659567","10318.24000000","0.00781600","80.64736384","1599680187999","FALSE","TRUE"
"448","410659568","10318.24000000","0.00781600","80.64736384","1599680188002","FALSE","TRUE"
"449","410659569","10318.24000000","0.00781600","80.64736384","1599680188002","FALSE","TRUE"
"450","410659570","10318.23000000","0.21202000","2187.67112460","1599680188017","TRUE","TRUE"
"451","410659571","10318.24000000","0.00235000","24.24786400","1599680188050","FALSE","TRUE"
"452","410659572","10318.23000000","0.09000000","928.64070000","1599680189203","TRUE","TRUE"
"453","410659573","10318.23000000","0.01270600","131.10343038","1599680189839","TRUE","TRUE"
"454","410659574","10318.23000000","0.07581900","782.31788037","1599680189858","TRUE","TRUE"
"455","410659575","10318.23000000","0.20286300","2093.18709249","1599680189869","TRUE","TRUE"
"456","410659576","10318.23000000","0.00112100","11.56673583","1599680190106","TRUE","TRUE"
"457","410659577","10318.24000000","0.00841100","86.78671664","1599680191011","FALSE","TRUE"
"458","410659578","10318.23000000","0.01405600","145.03304088","1599680191343","TRUE","TRUE"
"459","410659579","10318.23000000","0.05130200","529.34583546","1599680191343","TRUE","TRUE"
"460","410659580","10318.24000000","0.01975000","203.78524000","1599680192203","FALSE","TRUE"
"461","410659581","10318.24000000","0.00106600","10.99924384","1599680193383","FALSE","TRUE"
"462","410659582","10318.23000000","0.04482100","462.47338683","1599680193997","TRUE","TRUE"
"463","410659583","10318.23000000","0.04573800","471.93520374","1599680194567","TRUE","TRUE"
"464","410659584","10318.23000000","0.04284300","442.06392789","1599680194567","TRUE","TRUE"
"465","410659585","10318.23000000","0.03542300","365.50266129","1599680194647","TRUE","TRUE"
"466","410659586","10318.23000000","0.06145100","634.06555173","1599680194902","TRUE","TRUE"
"467","410659587","10318.24000000","0.09570400","987.49684096","1599680195063","FALSE","TRUE"
"468","410659588","10318.24000000","0.00193800","19.99674912","1599680195190","FALSE","TRUE"
"469","410659589","10318.23000000","0.03043600","314.04564828","1599680196975","TRUE","TRUE"
"470","410659590","10318.23000000","0.04463500","460.55419605","1599680196975","TRUE","TRUE"
"471","410659591","10318.23000000","0.06160700","635.67519561","1599680196975","TRUE","TRUE"
"472","410659592","10318.24000000","0.01076000","111.02426240","1599680197222","FALSE","TRUE"
"473","410659593","10318.22000000","0.05419700","559.21656934","1599680197930","TRUE","TRUE"
"474","410659594","10318.22000000","0.01660900","171.37531598","1599680198038","TRUE","TRUE"
"475","410659595","10318.22000000","0.00830500","85.69281710","1599680198360","TRUE","TRUE"
"476","410659596","10318.22000000","0.00830500","85.69281710","1599680198456","TRUE","TRUE"
"477","410659597","10318.23000000","0.01452000","149.82069960","1599680198912","FALSE","TRUE"
"478","410659598","10318.24000000","0.04788100","494.04764944","1599680199749","FALSE","TRUE"
"479","410659599","10318.24000000","0.01500000","154.77360000","1599680199749","FALSE","TRUE"
"480","410659600","10318.24000000","0.01500000","154.77360000","1599680199749","FALSE","TRUE"
"481","410659601","10318.25000000","0.01500000","154.77375000","1599680199749","FALSE","TRUE"
"482","410659602","10318.25000000","0.01500000","154.77375000","1599680199749","FALSE","TRUE"
"483","410659603","10318.25000000","0.01500000","154.77375000","1599680199749","FALSE","TRUE"
"484","410659604","10318.25000000","0.01500000","154.77375000","1599680199749","FALSE","TRUE"
"485","410659605","10318.25000000","0.01500000","154.77375000","1599680199749","FALSE","TRUE"
"486","410659606","10318.25000000","0.01500000","154.77375000","1599680199749","FALSE","TRUE"
"487","410659607","10318.25000000","0.01500000","154.77375000","1599680199749","FALSE","TRUE"
"488","410659608","10318.25000000","0.01500000","154.77375000","1599680199749","FALSE","TRUE"
"489","410659609","10318.25000000","0.01500000","154.77375000","1599680199749","FALSE","TRUE"
"490","410659610","10318.25000000","0.01500000","154.77375000","1599680199749","FALSE","TRUE"
"491","410659611","10318.25000000","0.01500000","154.77375000","1599680199749","FALSE","TRUE"
"492","410659612","10318.25000000","0.01500000","154.77375000","1599680199749","FALSE","TRUE"
"493","410659613","10318.25000000","0.01500000","154.77375000","1599680199749","FALSE","TRUE"
"494","410659614","10318.25000000","0.01500000","154.77375000","1599680199749","FALSE","TRUE"
"495","410659615","10318.27000000","0.01626200","167.79570674","1599680199749","FALSE","TRUE"
"496","410659616","10318.27000000","0.00136100","14.04316547","1599680201113","FALSE","TRUE"
"497","410659617","10318.27000000","0.00111600","11.51518932","1599680201578","FALSE","TRUE"
"498","410659618","10318.26000000","0.00969200","100.00457592","1599680202828","TRUE","TRUE"
"499","410659619","10318.26000000","0.05052300","521.30944998","1599680204118","TRUE","TRUE"
"500","410659620","10318.26000000","0.01408800","145.36364688","1599680204205","TRUE","TRUE"
"501","410659621","10318.26000000","0.01091200","112.59285312","1599680204205","TRUE","TRUE"
"502","410659622","10318.26000000","0.05050400","521.11340304","1599680204246","TRUE","TRUE"
"503","410659623","10318.26000000","0.01416300","146.13751638","1599680204316","TRUE","TRUE"
"504","410659624","10318.27000000","0.00943700","97.37351399","1599680204645","FALSE","TRUE"
"505","410659625","10318.27000000","0.08828500","910.94846695","1599680204645","FALSE","TRUE"
"506","410659626","10318.26000000","0.14508100","1496.98347906","1599680204841","FALSE","TRUE"
"507","410659627","10318.26000000","0.06310000","651.08220600","1599680204854","FALSE","TRUE"
"508","410659628","10318.26000000","0.03820000","394.15753200","1599680204941","FALSE","TRUE"
"509","410659629","10318.25000000","0.00453000","46.74167250","1599680205702","TRUE","TRUE"
"510","410659630","10318.26000000","0.01658800","171.15929688","1599680205761","FALSE","TRUE"
"511","410659631","10318.26000000","0.04550800","469.56337608","1599680205761","FALSE","TRUE"
"512","410659632","10318.25000000","0.05481100","565.55360075","1599680206780","TRUE","TRUE"
"513","410659633","10318.25000000","0.02386800","246.27599100","1599680206887","TRUE","TRUE"
"514","410659634","10318.25000000","0.00314700","32.47153275","1599680207325","TRUE","TRUE"
"515","410659635","10318.26000000","0.00484700","50.01260622","1599680208099","FALSE","TRUE"
"516","410659636","10318.25000000","0.01432200","147.77797650","1599680209189","TRUE","TRUE"
"517","410659637","10318.26000000","0.48965500","5052.38760030","1599680209211","FALSE","TRUE"
"518","410659638","10318.25000000","0.02512800","259.27698600","1599680209231","TRUE","TRUE"
"519","410659639","10318.25000000","0.00287100","29.62369575","1599680209335","TRUE","TRUE"
"520","410659640","10318.26000000","0.21662500","2235.19307250","1599680209528","FALSE","TRUE"
"521","410659641","10318.25000000","0.00302500","31.21270625","1599680209556","TRUE","TRUE"
"522","410659642","10318.25000000","0.00143800","14.83764350","1599680209745","TRUE","TRUE"
"523","410659643","10318.25000000","0.13690400","1412.60969800","1599680209783","TRUE","TRUE"
"524","410659644","10318.26000000","0.00110500","11.40167730","1599680209787","FALSE","TRUE"
"525","410659645","10318.25000000","0.00158300","16.33378975","1599680209977","TRUE","TRUE"
"526","410659646","10318.25000000","0.00355000","36.62978750","1599680210095","TRUE","TRUE"
"527","410659647","10318.25000000","0.00345700","35.67019025","1599680210198","TRUE","TRUE"
"528","410659648","10318.25000000","0.00253000","26.10517250","1599680210360","TRUE","TRUE"
"529","410659649","10318.26000000","0.00127000","13.10419020","1599680210459","FALSE","TRUE"
"530","410659650","10318.26000000","0.01000000","103.18260000","1599680210610","FALSE","TRUE"
"531","410659651","10318.25000000","0.01084200","111.87046650","1599680210734","TRUE","TRUE"
"532","410659652","10318.25000000","0.03953900","407.97328675","1599680210735","TRUE","TRUE"
"533","410659653","10318.25000000","0.39142600","4038.83132450","1599680211563","TRUE","TRUE"
"534","410659654","10318.25000000","0.00856300","88.35517475","1599680211563","TRUE","TRUE"
"535","410659655","10318.25000000","0.06691200","690.41474400","1599680211563","TRUE","TRUE"
"536","410659656","10318.25000000","0.00127000","13.10417750","1599680212040","TRUE","TRUE"
"537","410659657","10318.25000000","0.03164200","326.49006650","1599680212240","FALSE","TRUE"
"538","410659658","10318.24000000","1.77766100","18342.33283664","1599680212374","TRUE","TRUE"
"539","410659659","10318.24000000","0.18797700","1939.59180048","1599680212374","TRUE","TRUE"
"540","410659660","10318.24000000","0.21200600","2187.52878944","1599680212374","TRUE","TRUE"
"541","410659661","10318.24000000","0.00105500","10.88574320","1599680212380","FALSE","TRUE"
"542","410659662","10318.24000000","0.00127000","13.10416480","1599680212459","FALSE","TRUE"
"543","410659663","10318.23000000","0.20650000","2130.71449500","1599680212500","TRUE","TRUE"
"544","410659664","10318.24000000","0.01378800","142.26789312","1599680212703","FALSE","TRUE"
"545","410659665","10318.23000000","0.16467200","1699.12357056","1599680213140","TRUE","TRUE"
"546","410659666","10318.23000000","0.00000300","0.03095469","1599680213190","TRUE","TRUE"
"547","410659667","10318.15000000","0.00741900","76.55035485","1599680213190","TRUE","TRUE"
"548","410659668","10318.01000000","0.01123400","115.91252434","1599680213190","TRUE","TRUE"
"549","410659669","10318.00000000","0.02296300","236.93223400","1599680213190","TRUE","TRUE"
"550","410659670","10317.70000000","0.03442200","355.15586940","1599680213190","TRUE","TRUE"
"551","410659671","10317.97000000","0.01123300","115.90175701","1599680213240","TRUE","TRUE"
"552","410659672","10317.97000000","0.00000100","0.01031797","1599680213914","TRUE","TRUE"
"553","410659673","10317.70000000","0.01123700","115.93999490","1599680213914","TRUE","TRUE"
"554","410659674","10317.70000000","0.02971300","306.56982010","1599680213918","TRUE","TRUE"
"555","410659675","10317.85000000","0.01111200","114.65194920","1599680213935","FALSE","TRUE"
"556","410659676","10317.98000000","0.00827100","85.34001258","1599680213935","FALSE","TRUE"
"557","410659677","10317.85000000","0.01109400","114.46622790","1599680213981","TRUE","TRUE"
"558","410659678","10317.88000000","0.00978700","100.98109156","1599680214065","FALSE","TRUE"
"559","410659679","10317.87000000","0.05467500","564.12954225","1599680214073","TRUE","TRUE"
"560","410659680","10317.88000000","0.00521300","53.78710844","1599680214113","FALSE","TRUE"
"561","410659681","10317.88000000","0.00778700","80.34533156","1599680214113","FALSE","TRUE"
"562","410659682","10317.87000000","0.00000800","0.08254296","1599680214171","TRUE","TRUE"
"563","410659683","10317.87000000","0.02173000","224.20731510","1599680214171","TRUE","TRUE"
"564","410659684","10317.87000000","0.05016000","517.54435920","1599680214284","TRUE","TRUE"
"565","410659685","10317.87000000","0.01113800","114.92043606","1599680214284","TRUE","TRUE"
"566","410659686","10317.87000000","0.00001100","0.11349657","1599680214387","TRUE","TRUE"
"567","410659687","10317.87000000","0.00380300","39.23885961","1599680214387","TRUE","TRUE"
"568","410659688","10317.87000000","0.00001400","0.14445018","1599680214983","TRUE","TRUE"
"569","410659689","10317.86000000","0.12145200","1253.12473272","1599680215029","TRUE","TRUE"
"570","410659690","10317.86000000","0.00291900","30.11783334","1599680215747","TRUE","TRUE"
"571","410659691","10317.87000000","0.03433600","354.27438432","1599680215779","FALSE","TRUE"
"572","410659692","10317.86000000","0.00658200","67.91215452","1599680217830","TRUE","TRUE"
"573","410659693","10317.86000000","0.00389200","40.15711112","1599680217838","TRUE","TRUE"
"574","410659694","10317.86000000","0.00386600","39.88884676","1599680217840","TRUE","TRUE"
"575","410659695","10317.86000000","0.00226400","23.35963504","1599680217919","TRUE","TRUE"
"576","410659696","10317.87000000","0.00111700","11.52506079","1599680218002","FALSE","TRUE"
"577","410659697","10317.86000000","0.01868700","192.80984982","1599680218002","TRUE","TRUE"
"578","410659698","10317.86000000","0.06101400","629.53391004","1599680218046","TRUE","TRUE"
"579","410659699","10317.86000000","0.03702900","382.06003794","1599680218157","TRUE","TRUE"
"580","410659700","10317.87000000","0.10176100","1049.95676907","1599680218293","FALSE","TRUE"
"581","410659701","10317.86000000","0.04753700","490.48011082","1599680218645","TRUE","TRUE"
"582","410659702","10317.86000000","0.75645900","7805.03805774","1599680219319","TRUE","TRUE"
"583","410659703","10317.86000000","0.10155100","1047.78900086","1599680219509","TRUE","TRUE"
"584","410659704","10317.86000000","0.45493000","4693.90404980","1599680219615","TRUE","TRUE"
"585","410659705","10317.86000000","0.27564200","2844.03556612","1599680219709","TRUE","TRUE"
"586","410659706","10317.86000000","0.04488500","463.11714610","1599680220142","TRUE","TRUE"
"587","410659707","10317.86000000","0.00107000","11.04011020","1599680220692","TRUE","TRUE"
"588","410659708","10317.86000000","0.05051100","521.16542646","1599680223855","TRUE","TRUE"
"589","410659709","10317.86000000","0.00118700","12.24729982","1599680224141","TRUE","TRUE"
"590","410659710","10317.86000000","0.53722600","5543.02265636","1599680224778","TRUE","TRUE"
"591","410659711","10317.86000000","0.00107700","11.11233522","1599680226211","FALSE","TRUE"
"592","410659712","10317.85000000","0.00190700","19.67613995","1599680226542","TRUE","TRUE"
"593","410659713","10317.86000000","1.61271000","16639.71600060","1599680226847","FALSE","TRUE"
"594","410659714","10317.85000000","0.09013900","930.04068115","1599680227364","TRUE","TRUE"
"595","410659715","10317.85000000","0.04013900","414.14818115","1599680227364","TRUE","TRUE"
"596","410659716","10317.85000000","0.00912000","94.09879200","1599680227364","TRUE","TRUE"
"597","410659717","10317.85000000","0.02602100","268.48077485","1599680227499","TRUE","TRUE"
"598","410659718","10317.85000000","0.02502600","258.21451410","1599680227499","TRUE","TRUE"
"599","410659719","10317.86000000","0.01992000","205.53177120","1599680228149","FALSE","TRUE"
"600","410659720","10317.85000000","0.00001900","0.19603915","1599680228370","TRUE","TRUE"
"601","410659721","10317.85000000","0.00258000","26.62005300","1599680228370","TRUE","TRUE"
"602","410659722","10317.84000000","0.00140200","14.46561168","1599680228370","TRUE","TRUE"
"603","410659723","10317.84000000","0.00971000","100.18622640","1599680228440","TRUE","TRUE"
"604","410659724","10317.84000000","0.01182300","121.98782232","1599680228440","TRUE","TRUE"
"605","410659725","10317.84000000","0.13368300","1379.31980472","1599680228536","TRUE","TRUE"
"606","410659726","10317.84000000","0.00167000","17.23079280","1599680229104","TRUE","TRUE"
"607","410659727","10317.85000000","0.21389800","2206.96747930","1599680229416","FALSE","TRUE"
"608","410659728","10317.84000000","0.04541700","468.60533928","1599680229619","TRUE","TRUE"
"609","410659729","10317.84000000","0.04554200","469.89506928","1599680229622","TRUE","TRUE"
"610","410659730","10317.85000000","0.00258100","26.63037085","1599680230226","FALSE","TRUE"
"611","410659731","10317.85000000","0.00484200","49.95902970","1599680230250","FALSE","TRUE"
"612","410659732","10317.85000000","0.04730700","488.10652995","1599680230528","FALSE","TRUE"
"613","410659733","10317.85000000","0.05387000","555.82257950","1599680230570","FALSE","TRUE"
"614","410659734","10317.84000000","0.00443600","45.76993824","1599680231658","TRUE","TRUE"
"615","410659735","10317.84000000","0.00443600","45.76993824","1599680231658","TRUE","TRUE"
"616","410659736","10317.84000000","0.00443600","45.76993824","1599680231658","TRUE","TRUE"
"617","410659737","10317.84000000","0.00443600","45.76993824","1599680231658","TRUE","TRUE"
"618","410659738","10317.84000000","0.00443600","45.76993824","1599680231658","TRUE","TRUE"
"619","410659739","10317.84000000","0.00443600","45.76993824","1599680231658","TRUE","TRUE"
"620","410659740","10317.84000000","0.00443600","45.76993824","1599680231658","TRUE","TRUE"
"621","410659741","10317.84000000","0.00443600","45.76993824","1599680231658","TRUE","TRUE"
"622","410659742","10317.84000000","0.00443600","45.76993824","1599680231658","TRUE","TRUE"
"623","410659743","10317.84000000","0.00443600","45.76993824","1599680231659","TRUE","TRUE"
"624","410659744","10317.84000000","0.00443600","45.76993824","1599680231659","TRUE","TRUE"
"625","410659745","10317.84000000","0.00443600","45.76993824","1599680231660","TRUE","TRUE"
"626","410659746","10317.84000000","0.00443600","45.76993824","1599680231660","TRUE","TRUE"
"627","410659747","10317.84000000","0.00443600","45.76993824","1599680231660","TRUE","TRUE"
"628","410659748","10317.84000000","0.00443600","45.76993824","1599680231661","TRUE","TRUE"
"629","410659749","10317.84000000","0.00443600","45.76993824","1599680231661","TRUE","TRUE"
"630","410659750","10317.84000000","0.00443600","45.76993824","1599680231661","TRUE","TRUE"
"631","410659751","10317.84000000","0.00443600","45.76993824","1599680231661","TRUE","TRUE"
"632","410659752","10317.84000000","0.00443600","45.76993824","1599680231661","TRUE","TRUE"
"633","410659753","10317.84000000","0.00443600","45.76993824","1599680231661","TRUE","TRUE"
"634","410659754","10317.84000000","0.00443600","45.76993824","1599680231661","TRUE","TRUE"
"635","410659755","10317.84000000","0.00443600","45.76993824","1599680231661","TRUE","TRUE"
"636","410659756","10317.84000000","0.00443600","45.76993824","1599680231662","TRUE","TRUE"
"637","410659757","10317.84000000","0.00443600","45.76993824","1599680231662","TRUE","TRUE"
"638","410659758","10317.84000000","0.00443600","45.76993824","1599680231662","TRUE","TRUE"
"639","410659759","10317.84000000","0.00443600","45.76993824","1599680231663","TRUE","TRUE"
"640","410659760","10317.84000000","0.00443600","45.76993824","1599680231663","TRUE","TRUE"
"641","410659761","10317.84000000","0.00443600","45.76993824","1599680231663","TRUE","TRUE"
"642","410659762","10317.84000000","0.00443600","45.76993824","1599680231663","TRUE","TRUE"
"643","410659763","10317.84000000","0.00443600","45.76993824","1599680231663","TRUE","TRUE"
"644","410659764","10317.84000000","0.00443600","45.76993824","1599680231663","TRUE","TRUE"
"645","410659765","10317.84000000","0.00443600","45.76993824","1599680231664","TRUE","TRUE"
"646","410659766","10317.84000000","0.00443600","45.76993824","1599680231664","TRUE","TRUE"
"647","410659767","10317.84000000","0.00443600","45.76993824","1599680231665","TRUE","TRUE"
"648","410659768","10317.84000000","0.00443600","45.76993824","1599680231665","TRUE","TRUE"
"649","410659769","10317.84000000","0.00443600","45.76993824","1599680231665","TRUE","TRUE"
"650","410659770","10317.84000000","0.00443600","45.76993824","1599680231665","TRUE","TRUE"
"651","410659771","10317.84000000","0.00443600","45.76993824","1599680231665","TRUE","TRUE"
"652","410659772","10317.84000000","0.00443600","45.76993824","1599680231665","TRUE","TRUE"
"653","410659773","10317.84000000","0.00443600","45.76993824","1599680231665","TRUE","TRUE"
"654","410659774","10317.84000000","0.00443600","45.76993824","1599680231666","TRUE","TRUE"
"655","410659775","10317.84000000","0.00443600","45.76993824","1599680231666","TRUE","TRUE"
"656","410659776","10317.84000000","0.00443600","45.76993824","1599680231669","TRUE","TRUE"
"657","410659777","10317.84000000","0.00443600","45.76993824","1599680231670","TRUE","TRUE"
"658","410659778","10317.84000000","0.04247100","438.20898264","1599680231670","TRUE","TRUE"
"659","410659779","10317.84000000","0.00443600","45.76993824","1599680231671","TRUE","TRUE"
"660","410659780","10317.84000000","0.39857500","4112.43307800","1599680231683","TRUE","TRUE"
"661","410659781","10317.84000000","0.02016400","208.04892576","1599680231750","TRUE","TRUE"
"662","410659782","10317.84000000","0.03543900","365.65393176","1599680232210","TRUE","TRUE"
"663","410659783","10317.84000000","0.25025400","2582.08073136","1599680232894","TRUE","TRUE"
"664","410659784","10317.84000000","0.07520800","775.98411072","1599680233222","TRUE","TRUE"
"665","410659785","10317.85000000","0.00258000","26.62005300","1599680233231","FALSE","TRUE"
"666","410659786","10317.84000000","0.03467200","357.74014848","1599680233435","TRUE","TRUE"
"667","410659787","10317.84000000","1.08724000","11217.96836160","1599680233711","TRUE","TRUE"
"668","410659788","10317.84000000","0.11357800","1171.87963152","1599680233711","TRUE","TRUE"
"669","410659789","10317.84000000","0.03731100","384.96892824","1599680233711","TRUE","TRUE"
"670","410659790","10317.83000000","0.23502000","2424.89640660","1599680233711","TRUE","TRUE"
"671","410659791","10317.69000000","0.01123400","115.90892946","1599680233711","TRUE","TRUE"
"672","410659792","10317.69000000","0.00400000","41.27076000","1599680233711","TRUE","TRUE"
"673","410659793","10317.64000000","0.00600000","61.90584000","1599680233711","TRUE","TRUE"
"674","410659794","10317.40000000","0.01841200","189.96396880","1599680233711","TRUE","TRUE"
"675","410659795","10317.33000000","0.01665400","171.82481382","1599680233711","TRUE","TRUE"
"676","410659796","10317.25000000","0.01000000","103.17250000","1599680233711","TRUE","TRUE"
"677","410659797","10317.25000000","0.01000000","103.17250000","1599680233711","TRUE","TRUE"
"678","410659798","10317.17000000","0.07987700","824.10458809","1599680233711","TRUE","TRUE"
"679","410659799","10316.51000000","0.43267400","4463.68564774","1599680233711","TRUE","TRUE"
"680","410659800","10317.19000000","0.00108200","11.16319958","1599680234422","FALSE","TRUE"
"681","410659801","10317.18000000","0.01114900","115.02623982","1599680234480","TRUE","TRUE"
"682","410659802","10317.18000000","0.06365100","656.69882418","1599680234480","TRUE","TRUE"
"683","410659803","10317.18000000","0.00256500","26.46356670","1599680235662","TRUE","TRUE"
"684","410659804","10317.18000000","0.54193700","5591.26157766","1599680236809","TRUE","TRUE"
"685","410659805","10317.18000000","0.00118000","12.17427240","1599680236827","TRUE","TRUE"
"686","410659806","10317.18000000","0.45806300","4725.91842234","1599680236916","TRUE","TRUE"
"687","410659807","10317.18000000","0.47349900","4885.17441282","1599680237024","TRUE","TRUE"
"688","410659808","10317.18000000","0.49298500","5086.21498230","1599680237124","TRUE","TRUE"
"689","410659809","10317.18000000","0.15858100","1636.10872158","1599680237194","TRUE","TRUE"
"690","410659810","10317.18000000","0.03351600","345.79060488","1599680237230","TRUE","TRUE"
"691","410659811","10317.18000000","0.28578000","2948.44370040","1599680237362","TRUE","TRUE"
"692","410659812","10317.18000000","0.09290100","958.47633918","1599680237362","TRUE","TRUE"
"693","410659813","10317.18000000","0.00824200","85.03419756","1599680237362","TRUE","TRUE"
"694","410659814","10317.18000000","0.04190800","432.37237944","1599680237362","TRUE","TRUE"
"695","410659815","10317.01000000","0.01115300","115.06561253","1599680238263","TRUE","TRUE"
"696","410659816","10316.51000000","0.04342400","447.98413024","1599680238263","TRUE","TRUE"
"697","410659817","10316.76000000","0.00376200","38.81165112","1599680238521","TRUE","TRUE"
"698","410659818","10316.76000000","0.00741800","76.52972568","1599680238560","TRUE","TRUE"
"699","410659819","10316.76000000","0.04862000","501.60087120","1599680238560","TRUE","TRUE"
"700","410659820","10316.77000000","0.01118000","115.34148860","1599680238613","FALSE","TRUE"
"701","410659821","10316.77000000","0.48882000","5043.04351140","1599680238613","FALSE","TRUE"
"702","410659822","10316.76000000","0.05262200","542.88854472","1599680239457","TRUE","TRUE"
"703","410659823","10316.77000000","3.37000000","34767.51490000","1599680239752","FALSE","TRUE"
"704","410659824","10316.77000000","0.01000000","103.16770000","1599680240014","FALSE","TRUE"
"705","410659825","10316.77000000","0.02583900","266.57502003","1599680240014","FALSE","TRUE"
"706","410659826","10316.76000000","0.32800000","3383.89728000","1599680240649","TRUE","TRUE"
"707","410659827","10316.77000000","0.01929900","199.10334423","1599680240749","FALSE","TRUE"
"708","410659828","10316.77000000","0.00112200","11.57541594","1599680240751","FALSE","TRUE"
"709","410659829","10316.77000000","0.00126500","13.05071405","1599680240881","FALSE","TRUE"
"710","410659830","10316.77000000","0.02243800","231.48768526","1599680241170","FALSE","TRUE"
"711","410659831","10316.76000000","0.05000000","515.83800000","1599680241766","TRUE","TRUE"
"712","410659832","10316.77000000","0.01615000","166.61583550","1599680242446","FALSE","TRUE"
"713","410659833","10316.77000000","0.01615000","166.61583550","1599680242446","FALSE","TRUE"
"714","410659834","10316.77000000","0.01615000","166.61583550","1599680242446","FALSE","TRUE"
"715","410659835","10316.77000000","0.01615000","166.61583550","1599680242446","FALSE","TRUE"
"716","410659836","10316.77000000","0.01615000","166.61583550","1599680242446","FALSE","TRUE"
"717","410659837","10316.77000000","0.00580400","59.87853308","1599680242447","FALSE","TRUE"
"718","410659838","10316.77000000","0.01034600","106.73730242","1599680242447","FALSE","TRUE"
"719","410659839","10316.77000000","0.01615000","166.61583550","1599680242447","FALSE","TRUE"
"720","410659840","10316.77000000","0.01539900","158.86794123","1599680242447","FALSE","TRUE"
"721","410659841","10316.77000000","0.00075100","7.74789427","1599680242447","FALSE","TRUE"
"722","410659842","10316.77000000","0.01615000","166.61583550","1599680242447","FALSE","TRUE"
"723","410659843","10316.77000000","0.01615000","166.61583550","1599680242447","FALSE","TRUE"
"724","410659844","10316.77000000","0.01615000","166.61583550","1599680242448","FALSE","TRUE"
"725","410659845","10316.77000000","0.01615000","166.61583550","1599680242448","FALSE","TRUE"
"726","410659846","10316.77000000","0.01615000","166.61583550","1599680242448","FALSE","TRUE"
"727","410659847","10316.77000000","0.01615000","166.61583550","1599680242449","FALSE","TRUE"
"728","410659848","10316.77000000","0.01615000","166.61583550","1599680242449","FALSE","TRUE"
"729","410659849","10316.77000000","0.01615000","166.61583550","1599680242449","FALSE","TRUE"
"730","410659850","10316.77000000","0.01615000","166.61583550","1599680242450","FALSE","TRUE"
"731","410659851","10316.77000000","0.01615000","166.61583550","1599680242450","FALSE","TRUE"
"732","410659852","10316.77000000","0.01615000","166.61583550","1599680242450","FALSE","TRUE"
"733","410659853","10316.77000000","0.01615000","166.61583550","1599680242451","FALSE","TRUE"
"734","410659854","10316.77000000","0.01615000","166.61583550","1599680242451","FALSE","TRUE"
"735","410659855","10316.77000000","0.01615000","166.61583550","1599680242451","FALSE","TRUE"
"736","410659856","10316.77000000","0.01615000","166.61583550","1599680242451","FALSE","TRUE"
"737","410659857","10316.77000000","0.01615000","166.61583550","1599680242451","FALSE","TRUE"
"738","410659858","10316.77000000","0.01615000","166.61583550","1599680242451","FALSE","TRUE"
"739","410659859","10316.77000000","0.01615000","166.61583550","1599680242451","FALSE","TRUE"
"740","410659860","10316.77000000","0.01615000","166.61583550","1599680242451","FALSE","TRUE"
"741","410659861","10316.77000000","0.01615000","166.61583550","1599680242451","FALSE","TRUE"
"742","410659862","10316.77000000","0.01615000","166.61583550","1599680242451","FALSE","TRUE"
"743","410659863","10316.77000000","0.01438800","148.43768676","1599680242452","FALSE","TRUE"
"744","410659864","10316.77000000","0.01615000","166.61583550","1599680242453","FALSE","TRUE"
"745","410659865","10316.77000000","0.01615000","166.61583550","1599680242453","FALSE","TRUE"
"746","410659866","10316.77000000","0.01615000","166.61583550","1599680242453","FALSE","TRUE"
"747","410659867","10316.77000000","0.01615000","166.61583550","1599680242453","FALSE","TRUE"
"748","410659868","10316.77000000","0.01615000","166.61583550","1599680242453","FALSE","TRUE"
"749","410659869","10316.77000000","0.01615000","166.61583550","1599680242453","FALSE","TRUE"
"750","410659870","10316.77000000","0.01615000","166.61583550","1599680242453","FALSE","TRUE"
"751","410659871","10316.77000000","0.01615000","166.61583550","1599680242454","FALSE","TRUE"
"752","410659872","10316.77000000","0.01615000","166.61583550","1599680242454","FALSE","TRUE"
"753","410659873","10316.77000000","0.01615000","166.61583550","1599680242454","FALSE","TRUE"
"754","410659874","10316.77000000","0.01615000","166.61583550","1599680242454","FALSE","TRUE"
"755","410659875","10316.77000000","0.01615000","166.61583550","1599680242454","FALSE","TRUE"
"756","410659876","10316.77000000","0.01615000","166.61583550","1599680242455","FALSE","TRUE"
"757","410659877","10316.77000000","0.03082300","317.99380171","1599680242455","FALSE","TRUE"
"758","410659878","10316.77000000","0.01615000","166.61583550","1599680242457","FALSE","TRUE"
"759","410659879","10316.77000000","0.01615000","166.61583550","1599680242458","FALSE","TRUE"
"760","410659880","10316.77000000","0.01615000","166.61583550","1599680242462","FALSE","TRUE"
"761","410659881","10316.76000000","0.01668400","172.12482384","1599680242463","TRUE","TRUE"
"762","410659882","10316.76000000","0.01419900","146.48767524","1599680242494","TRUE","TRUE"
"763","410659883","10316.77000000","0.00108500","11.19369545","1599680242621","FALSE","TRUE"
"764","410659884","10316.77000000","0.00727200","75.02355144","1599680242781","FALSE","TRUE"
"765","410659885","10316.77000000","0.01967300","202.96181621","1599680243122","FALSE","TRUE"
"766","410659886","10316.77000000","0.00662400","68.33828448","1599680243130","FALSE","TRUE"
"767","410659887","10316.77000000","0.00662400","68.33828448","1599680243131","FALSE","TRUE"
"768","410659888","10316.77000000","0.00662400","68.33828448","1599680243131","FALSE","TRUE"
"769","410659889","10316.77000000","0.00662400","68.33828448","1599680243131","FALSE","TRUE"
"770","410659890","10316.77000000","0.00662400","68.33828448","1599680243131","FALSE","TRUE"
"771","410659891","10316.77000000","0.00662400","68.33828448","1599680243131","FALSE","TRUE"
"772","410659892","10316.77000000","0.00662400","68.33828448","1599680243131","FALSE","TRUE"
"773","410659893","10316.77000000","0.00662400","68.33828448","1599680243131","FALSE","TRUE"
"774","410659894","10316.77000000","0.00662400","68.33828448","1599680243131","FALSE","TRUE"
"775","410659895","10316.77000000","0.00662400","68.33828448","1599680243131","FALSE","TRUE"
"776","410659896","10316.77000000","0.00662400","68.33828448","1599680243131","FALSE","TRUE"
"777","410659897","10316.77000000","0.00662400","68.33828448","1599680243132","FALSE","TRUE"
"778","410659898","10316.77000000","0.00662400","68.33828448","1599680243132","FALSE","TRUE"
"779","410659899","10316.77000000","0.00662400","68.33828448","1599680243133","FALSE","TRUE"
"780","410659900","10316.77000000","0.00662400","68.33828448","1599680243133","FALSE","TRUE"
"781","410659901","10316.77000000","0.00662400","68.33828448","1599680243133","FALSE","TRUE"
"782","410659902","10316.77000000","0.00662400","68.33828448","1599680243133","FALSE","TRUE"
"783","410659903","10316.77000000","0.00662400","68.33828448","1599680243133","FALSE","TRUE"
"784","410659904","10316.77000000","0.00662400","68.33828448","1599680243134","FALSE","TRUE"
"785","410659905","10316.77000000","0.00662400","68.33828448","1599680243134","FALSE","TRUE"
"786","410659906","10316.77000000","0.00662400","68.33828448","1599680243134","FALSE","TRUE"
"787","410659907","10316.77000000","0.00662400","68.33828448","1599680243135","FALSE","TRUE"
"788","410659908","10316.77000000","0.00662400","68.33828448","1599680243135","FALSE","TRUE"
"789","410659909","10316.77000000","0.00662400","68.33828448","1599680243135","FALSE","TRUE"
"790","410659910","10316.77000000","0.00662400","68.33828448","1599680243135","FALSE","TRUE"
"791","410659911","10316.77000000","0.00662400","68.33828448","1599680243135","FALSE","TRUE"
"792","410659912","10316.77000000","0.00662400","68.33828448","1599680243135","FALSE","TRUE"
"793","410659913","10316.77000000","0.00662400","68.33828448","1599680243135","FALSE","TRUE"
"794","410659914","10316.77000000","0.00662400","68.33828448","1599680243135","FALSE","TRUE"
"795","410659915","10316.77000000","0.00662400","68.33828448","1599680243135","FALSE","TRUE"
"796","410659916","10316.77000000","0.00662400","68.33828448","1599680243136","FALSE","TRUE"
"797","410659917","10316.77000000","0.00662400","68.33828448","1599680243136","FALSE","TRUE"
"798","410659918","10316.77000000","0.00662400","68.33828448","1599680243136","FALSE","TRUE"
"799","410659919","10316.77000000","0.00662400","68.33828448","1599680243137","FALSE","TRUE"
"800","410659920","10316.77000000","0.00662400","68.33828448","1599680243137","FALSE","TRUE"
"801","410659921","10316.77000000","0.00662400","68.33828448","1599680243137","FALSE","TRUE"
"802","410659922","10316.77000000","0.00662400","68.33828448","1599680243137","FALSE","TRUE"
"803","410659923","10316.77000000","0.00662400","68.33828448","1599680243137","FALSE","TRUE"
"804","410659924","10316.77000000","0.00662400","68.33828448","1599680243137","FALSE","TRUE"
"805","410659925","10316.77000000","0.00662400","68.33828448","1599680243137","FALSE","TRUE"
"806","410659926","10316.77000000","0.00662400","68.33828448","1599680243138","FALSE","TRUE"
"807","410659927","10316.77000000","0.00662400","68.33828448","1599680243138","FALSE","TRUE"
"808","410659928","10316.77000000","0.00662400","68.33828448","1599680243138","FALSE","TRUE"
"809","410659929","10316.77000000","0.00662400","68.33828448","1599680243138","FALSE","TRUE"
"810","410659930","10316.77000000","0.00662400","68.33828448","1599680243139","FALSE","TRUE"
"811","410659931","10316.76000000","0.26328000","2716.19657280","1599680243157","TRUE","TRUE"
"812","410659932","10316.77000000","0.03465100","357.48639727","1599680243197","FALSE","TRUE"
"813","410659933","10316.77000000","0.11009500","1135.82479315","1599680243220","FALSE","TRUE"
"814","410659934","10316.76000000","1.94000500","20014.56598380","1599680243264","TRUE","TRUE"
"815","410659935","10316.76000000","0.32072500","3308.84285100","1599680243264","TRUE","TRUE"
"816","410659936","10316.76000000","0.34640500","3573.77724780","1599680243264","TRUE","TRUE"
"817","410659937","10316.76000000","0.39286500","4053.09391740","1599680243264","TRUE","TRUE"
"818","410659938","10316.76000000","0.01909300","196.97789868","1599680243749","TRUE","TRUE"
"819","410659939","10316.76000000","0.05021300","518.03546988","1599680244977","TRUE","TRUE"
"820","410659940","10316.76000000","0.02598900","268.12227564","1599680244977","TRUE","TRUE"
"821","410659941","10316.77000000","0.00235200","24.26504304","1599680245101","FALSE","TRUE"
"822","410659942","10316.76000000","2.45276600","25304.59815816","1599680245111","TRUE","TRUE"
"823","410659943","10316.52000000","0.00291400","30.06233928","1599680245111","TRUE","TRUE"
"824","410659944","10316.49000000","0.02413100","248.94722019","1599680245111","TRUE","TRUE"
"825","410659945","10316.48000000","0.08932200","921.48862656","1599680245111","TRUE","TRUE"
"826","410659946","10316.48000000","0.00950000","98.00656000","1599680245111","TRUE","TRUE"
"827","410659947","10316.48000000","0.01820000","187.75993600","1599680245111","TRUE","TRUE"
"828","410659948","10316.42000000","0.01129000","116.47238180","1599680245111","TRUE","TRUE"
"829","410659949","10316.42000000","0.32751700","3378.80292914","1599680245111","TRUE","TRUE"
"830","410659950","10316.41000000","0.06436000","663.96414760","1599680245111","TRUE","TRUE"
"831","410659951","10316.42000000","0.00251100","25.90453062","1599680245199","FALSE","TRUE"
"832","410659952","10316.42000000","0.02374500","244.96339290","1599680245305","FALSE","TRUE"
"833","410659953","10316.42000000","0.03674100","379.03558722","1599680245312","FALSE","TRUE"
"834","410659954","10316.42000000","0.01985000","204.78093700","1599680245860","FALSE","TRUE"
"835","410659955","10316.42000000","0.00396900","40.94587098","1599680246070","FALSE","TRUE"
"836","410659956","10316.42000000","0.00862600","88.98943892","1599680246173","FALSE","TRUE"
"837","410659957","10316.42000000","0.05176500","534.02948130","1599680246593","FALSE","TRUE"
"838","410659958","10316.42000000","0.27961200","2884.59482904","1599680246593","FALSE","TRUE"
"839","410659959","10316.41000000","0.01118000","115.33746380","1599680247114","TRUE","TRUE"
"840","410659960","10316.41000000","2.98882000","30833.89253620","1599680247114","TRUE","TRUE"
"841","410659961","10316.42000000","0.00862600","88.98943892","1599680247138","FALSE","TRUE"
"842","410659962","10316.42000000","0.00136200","14.05096404","1599680247237","FALSE","TRUE"
"843","410659963","10316.42000000","0.01224900","126.36582858","1599680247446","FALSE","TRUE"
"844","410659964","10316.42000000","0.30284200","3124.24526564","1599680247608","FALSE","TRUE"
"845","410659965","10316.42000000","0.00785000","80.98389700","1599680248364","FALSE","TRUE"
"846","410659966","10316.42000000","0.00158800","16.38247496","1599680249038","FALSE","TRUE"
"847","410659967","10316.41000000","0.01000000","103.16410000","1599680249064","TRUE","TRUE"
"848","410659968","10316.41000000","0.03845700","396.73817937","1599680249064","TRUE","TRUE"
"849","410659969","10316.42000000","0.00158700","16.37215854","1599680249214","FALSE","TRUE"
"850","410659970","10316.42000000","0.00214300","22.10808806","1599680249481","FALSE","TRUE"
"851","410659971","10316.41000000","0.04614600","476.06105586","1599680249495","TRUE","TRUE"
"852","410659972","10316.42000000","0.30284200","3124.24526564","1599680250430","FALSE","TRUE"
"853","410659973","10316.41000000","0.36764700","3792.79718727","1599680250444","TRUE","TRUE"
"854","410659974","10316.41000000","2.57126200","26526.19300942","1599680250444","TRUE","TRUE"
"855","410659975","10316.41000000","0.00971900","100.26518879","1599680250444","TRUE","TRUE"
"856","410659976","10316.41000000","0.05137200","529.97461452","1599680250444","TRUE","TRUE"
"857","410659977","10316.05000000","0.00365700","37.72579485","1599680250804","FALSE","TRUE"
"858","410659978","10316.05000000","0.00113600","11.71903280","1599680250822","FALSE","TRUE"
"859","410659979","10316.05000000","0.00136300","14.06077615","1599680250953","FALSE","TRUE"
"860","410659980","10316.05000000","0.08316600","857.94461430","1599680251547","FALSE","TRUE"
"861","410659981","10316.05000000","0.00152400","15.72166020","1599680251547","FALSE","TRUE"
"862","410659982","10316.06000000","0.01500000","154.74090000","1599680251547","FALSE","TRUE"
"863","410659983","10316.15000000","0.01122100","115.75751915","1599680251908","FALSE","TRUE"
"864","410659984","10316.15000000","0.00000100","0.01031615","1599680252629","FALSE","TRUE"
"865","410659985","10316.16000000","0.01500000","154.74240000","1599680252629","FALSE","TRUE"
"866","410659986","10316.24000000","0.00158600","16.36155664","1599680252769","FALSE","TRUE"
"867","410659987","10316.24000000","0.00130800","13.49364192","1599680252865","FALSE","TRUE"
"868","410659988","10316.24000000","0.00830000","85.62479200","1599680253498","FALSE","TRUE"
"869","410659989","10316.41000000","0.02413100","248.94528971","1599680253498","FALSE","TRUE"
"870","410659990","10316.41000000","0.40583700","4186.78088517","1599680253498","FALSE","TRUE"
"871","410659991","10316.41000000","0.23627400","2437.49945634","1599680253514","FALSE","TRUE"
"872","410659992","10316.41000000","0.23748500","2449.99262885","1599680253518","FALSE","TRUE"
"873","410659993","10316.41000000","0.31987900","3300.00291439","1599680253524","FALSE","TRUE"
"874","410659994","10316.41000000","1.00272700","10344.54285007","1599680253544","FALSE","TRUE"
"875","410659995","10316.41000000","3.48956700","35999.80389447","1599680253570","FALSE","TRUE"
"876","410659996","10316.41000000","0.01122200","115.77075302","1599680253570","FALSE","TRUE"
"877","410659997","10316.41000000","0.00370100","38.18103341","1599680253570","FALSE","TRUE"
"878","410659998","10316.43000000","0.01500000","154.74645000","1599680253570","FALSE","TRUE"
"879","410659999","10316.43000000","0.01500000","154.74645000","1599680253570","FALSE","TRUE"
"880","410660000","10316.43000000","0.01500000","154.74645000","1599680253570","FALSE","TRUE"
"881","410660001","10316.43000000","0.01500000","154.74645000","1599680253570","FALSE","TRUE"
"882","410660002","10316.43000000","0.01500000","154.74645000","1599680253570","FALSE","TRUE"
"883","410660003","10316.60000000","0.01118000","115.33958800","1599680253622","FALSE","TRUE"
"884","410660004","10316.76000000","0.01865200","192.42820752","1599680253622","FALSE","TRUE"
"885","410660005","10316.78000000","0.01500000","154.75170000","1599680253622","FALSE","TRUE"
"886","410660006","10316.78000000","0.01500000","154.75170000","1599680253622","FALSE","TRUE"
"887","410660007","10316.78000000","0.01500000","154.75170000","1599680253622","FALSE","TRUE"
"888","410660008","10316.78000000","0.01500000","154.75170000","1599680253622","FALSE","TRUE"
"889","410660009","10316.78000000","0.01500000","154.75170000","1599680253622","FALSE","TRUE"
"890","410660010","10317.00000000","0.00530300","54.71105100","1599680253622","FALSE","TRUE"
"891","410660011","10317.02000000","0.01115300","115.06572406","1599680253622","FALSE","TRUE"
"892","410660012","10317.19000000","0.01006700","103.86315173","1599680253622","FALSE","TRUE"
"893","410660013","10317.41000000","0.01000000","103.17410000","1599680253643","FALSE","TRUE"
"894","410660014","10317.84000000","0.00335600","34.62667104","1599680253643","FALSE","TRUE"
"895","410660015","10317.84000000","0.10036500","1035.55001160","1599680253643","FALSE","TRUE"
"896","410660016","10317.92000000","0.01114900","115.03449008","1599680253643","FALSE","TRUE"
"897","410660017","10317.98000000","0.00296300","30.57217474","1599680253643","FALSE","TRUE"
"898","410660018","10318.25000000","0.00120100","12.39221825","1599680253749","TRUE","TRUE"
"899","410660019","10318.25000000","0.19829900","2046.09865675","1599680253749","TRUE","TRUE"
"900","410660020","10318.25000000","0.50000000","5159.12500000","1599680253749","TRUE","TRUE"
"901","410660021","10318.25000000","0.30070100","3102.70809325","1599680253749","TRUE","TRUE"
"902","410660022","10318.26000000","0.05103700","526.61303562","1599680253841","FALSE","TRUE"
"903","410660023","10318.26000000","0.00812500","83.83586250","1599680253841","FALSE","TRUE"
"904","410660024","10318.26000000","0.00305200","31.49132952","1599680254002","FALSE","TRUE"
"905","410660025","10318.26000000","0.00003100","0.31986606","1599680254005","FALSE","TRUE"
"906","410660026","10318.51000000","0.01123400","115.91814134","1599680254005","FALSE","TRUE"
"907","410660027","10318.70000000","0.00913600","94.27164320","1599680254005","FALSE","TRUE"
"908","410660028","10318.84000000","0.01748500","180.42491740","1599680254005","FALSE","TRUE"
"909","410660029","10319.09000000","0.06050800","624.38749772","1599680254005","FALSE","TRUE"
"910","410660030","10319.20000000","0.00258900","26.71640880","1599680254005","FALSE","TRUE"
"911","410660031","10319.20000000","0.00849400","87.65128480","1599680254251","FALSE","TRUE"
"912","410660032","10319.20000000","0.01112100","114.75982320","1599680254251","FALSE","TRUE"
"913","410660033","10319.40000000","0.08029300","828.57558420","1599680254251","FALSE","TRUE"
"914","410660034","10319.30000000","0.00158700","16.37672910","1599680254301","FALSE","TRUE"
"915","410660035","10319.29000000","0.01112100","114.76082409","1599680254317","TRUE","TRUE"
"916","410660036","10319.29000000","0.03661600","377.85112264","1599680254317","TRUE","TRUE"
"917","410660037","10319.30000000","0.00953400","98.38420620","1599680254323","FALSE","TRUE"
"918","410660038","10319.40000000","0.02970700","306.55841580","1599680254323","FALSE","TRUE"
"919","410660039","10319.49000000","0.04340000","447.86586600","1599680254492","FALSE","TRUE"
"920","410660040","10319.49000000","0.00002400","0.24766776","1599680254499","FALSE","TRUE"
"921","410660041","10319.60000000","0.00492800","50.85498880","1599680254499","FALSE","TRUE"
"922","410660042","10319.59000000","0.03531200","364.40536208","1599680254513","TRUE","TRUE"
"923","410660043","10319.60000000","0.00172700","17.82194920","1599680254588","FALSE","TRUE"
"924","410660044","10319.59000000","0.00718900","74.18753251","1599680254606","TRUE","TRUE"
"925","410660045","10319.60000000","0.00417600","43.09464960","1599680254691","FALSE","TRUE"
"926","410660046","10319.60000000","0.00025200","2.60053920","1599680255351","FALSE","TRUE"
"927","410660047","10319.90000000","0.00600100","61.92971990","1599680255351","FALSE","TRUE"
"928","410660048","10320.00000000","3.00551100","31016.87352000","1599680255351","FALSE","TRUE"
"929","410660049","10320.00000000","0.05407500","558.05400000","1599680255351","FALSE","TRUE"
"930","410660050","10320.00000000","0.03876000","400.00320000","1599680255351","FALSE","TRUE"
"931","410660051","10320.07000000","0.01112100","114.76949847","1599680255351","FALSE","TRUE"
"932","410660052","10320.11000000","0.01398100","144.28545791","1599680255351","FALSE","TRUE"
"933","410660053","10320.34000000","0.05105600","526.91527904","1599680255351","FALSE","TRUE"
"934","410660054","10320.33000000","0.00672700","69.42485991","1599680255430","TRUE","TRUE"
"935","410660055","10320.33000000","0.12908800","1332.23075904","1599680255455","TRUE","TRUE"
"936","410660056","10320.33000000","0.00495700","51.15787581","1599680255519","TRUE","TRUE"
"937","410660057","10320.34000000","0.01111900","114.75186046","1599680255528","FALSE","TRUE"
"938","410660058","10320.33000000","0.01753300","180.94634589","1599680255618","TRUE","TRUE"
"939","410660059","10320.34000000","0.00000200","0.02064068","1599680256442","FALSE","TRUE"
"940","410660060","10320.47000000","0.01109100","114.46433277","1599680256442","FALSE","TRUE"
"941","410660061","10320.73000000","0.01107000","114.25048110","1599680256442","FALSE","TRUE"
"942","410660062","10320.83000000","0.01106300","114.17934229","1599680256442","FALSE","TRUE"
"943","410660063","10320.83000000","0.00632200","65.24828726","1599680256442","FALSE","TRUE"
"944","410660064","10320.92000000","0.01099400","113.46819448","1599680256442","FALSE","TRUE"
"945","410660065","10320.82000000","0.00125800","12.98359156","1599680256566","TRUE","TRUE"
"946","410660066","10320.83000000","0.01105900","114.13805897","1599680256570","FALSE","TRUE"
"947","410660067","10320.82000000","0.00980100","101.15435682","1599680256611","TRUE","TRUE"
"948","410660068","10320.82000000","0.04916900","507.46439858","1599680256611","TRUE","TRUE"
"949","410660069","10321.02000000","0.00122200","12.61228644","1599680256681","TRUE","TRUE"
"950","410660070","10321.03000000","0.03242000","334.60779260","1599680256685","FALSE","TRUE"
"951","410660071","10321.02000000","0.00116100","11.98270422","1599680256775","TRUE","TRUE"
"952","410660072","10321.02000000","0.00498200","51.41932164","1599680256888","TRUE","TRUE"
"953","410660073","10321.02000000","0.00488000","50.36657760","1599680256982","TRUE","TRUE"
"954","410660074","10321.02000000","0.00890900","91.94996718","1599680256982","TRUE","TRUE"
"955","410660075","10321.02000000","0.06934800","715.74209496","1599680257095","TRUE","TRUE"
"956","410660076","10321.02000000","0.07380400","761.73256008","1599680257155","TRUE","TRUE"
"957","410660077","10321.02000000","0.05388100","556.10687862","1599680257190","TRUE","TRUE"
"958","410660078","10320.55000000","0.00109300","11.28036115","1599680257615","FALSE","TRUE"
"959","410660079","10320.54000000","0.00131300","13.55086902","1599680257896","TRUE","TRUE"
"960","410660080","10320.54000000","0.00965600","99.65513424","1599680258258","TRUE","TRUE"
"961","410660081","10320.54000000","0.03650900","376.79259486","1599680258258","TRUE","TRUE"
"962","410660082","10320.54000000","0.00429700","44.34736038","1599680258613","TRUE","TRUE"
"963","410660083","10320.55000000","0.00109500","11.30100225","1599680259013","FALSE","TRUE"
"964","410660084","10320.55000000","0.00396500","40.92098075","1599680259284","FALSE","TRUE"
"965","410660085","10320.55000000","0.00109300","11.28036115","1599680259473","FALSE","TRUE"
"966","410660086","10320.54000000","0.02537000","261.83209980","1599680259506","TRUE","TRUE"
"967","410660087","10320.55000000","0.00372300","38.42340765","1599680260040","FALSE","TRUE"
"968","410660088","10320.69000000","0.01040000","107.33517600","1599680260040","FALSE","TRUE"
"969","410660089","10320.69000000","0.00062300","6.42978987","1599680260042","FALSE","TRUE"
"970","410660090","10320.79000000","0.01096900","113.20874551","1599680260042","FALSE","TRUE"
"971","410660091","10321.03000000","0.00828200","85.47877046","1599680260042","FALSE","TRUE"
"972","410660092","10321.03000000","0.00171800","17.73152954","1599680260048","FALSE","TRUE"
"973","410660093","10321.03000000","0.01000000","103.21030000","1599680260048","FALSE","TRUE"
"974","410660094","10321.08000000","0.01102300","113.76926484","1599680260048","FALSE","TRUE"
"975","410660095","10321.31000000","0.04444800","458.76158688","1599680260048","FALSE","TRUE"
"976","410660096","10320.78000000","0.03230000","333.36119400","1599680260057","TRUE","TRUE"
"977","410660097","10320.78000000","0.03229800","333.34055244","1599680260057","TRUE","TRUE"
"978","410660098","10320.78000000","0.03229900","333.35087322","1599680260057","TRUE","TRUE"
"979","410660099","10320.68000000","0.19379400","2000.08585992","1599680260057","TRUE","TRUE"
"980","410660100","10320.68000000","0.08932200","921.86377896","1599680260057","TRUE","TRUE"
"981","410660101","10320.68000000","0.09687700","999.83651636","1599680260057","TRUE","TRUE"
"982","410660102","10320.68000000","0.19379300","2000.07553924","1599680260057","TRUE","TRUE"
"983","410660103","10320.55000000","0.62979400","6499.82046670","1599680260057","TRUE","TRUE"
"984","410660104","10320.55000000","1.69932500","17537.96862875","1599680260057","TRUE","TRUE"
"985","410660105","10320.73000000","0.00114400","11.80691512","1599680260155","TRUE","TRUE"
"986","410660106","10320.73000000","0.08932200","921.86824506","1599680260204","TRUE","TRUE"
"987","410660107","10320.73000000","0.05046000","520.78403580","1599680260540","TRUE","TRUE"
"988","410660108","10320.73000000","0.01685900","173.99718707","1599680260582","TRUE","TRUE"
"989","410660109","10320.73000000","0.00586500","60.53108145","1599680260715","TRUE","TRUE"
"990","410660110","10320.74000000","0.01686700","174.07992158","1599680261032","FALSE","TRUE"
"991","410660111","10320.74000000","0.04995200","515.54160448","1599680261402","FALSE","TRUE"
"992","410660112","10320.74000000","0.01634800","168.72345752","1599680261491","FALSE","TRUE"
"993","410660113","10320.74000000","0.01089800","112.47542452","1599680261942","FALSE","TRUE"
"994","410660114","10320.73000000","0.00777100","80.20239283","1599680261948","TRUE","TRUE"
"995","410660115","10320.73000000","0.04540000","468.56114200","1599680263119","TRUE","TRUE"
"996","410660116","10320.74000000","0.00007100","0.73277254","1599680263520","FALSE","TRUE"
"997","410660117","10320.74000000","0.00773300","79.81028242","1599680263520","FALSE","TRUE"
"998","410660118","10321.02000000","0.01098600","113.38672572","1599680263705","TRUE","TRUE"
"999","410660119","10320.74000000","0.76415500","7886.64507470","1599680263705","TRUE","TRUE"
"1000","410660120","10320.73000000","0.09886100","1020.31768853","1599680263705","TRUE","TRUE"
